0,1,2,3,4,5,6,7,8,9,10,11,12,13,14,15,16,17,18,19,20,21,22,23,24,25,26,27,28,29,30,31,32,33
Alphabet,takes,wind,Makani,energy,kites,Google,alphabet,,,,,,,,,,,,,,,,,,,,,,,,,,
Tuesday,night,faffing,graphicdesign,lettering,illustration,MadewithIllustrator,adobe,visualinspiration,36daysoftype,AdobeDesigners,thedailytype,typography,alphabet,vectors,brushes,artbrushes,type,,,,,,,,,,,,,,,,
How,alphabet,said,Poll,Alphabet,,,,,,,,,,,,,,,,,,,,,,,,,,,,,
Alphabet,shuts,power,kites,moonshot,project,OtherBets,loses,4,8bn,via,financialtimes,,,,,,,,,,,,,,,,,,,,,,
AWS,Amazons,focusing,IBM,replacing,CEO,head,cloud,unit,Microsoft,All,want,talk,Azure,Alphabet,breaking,cloud,revenue,rest,revenue,reporting,,,,,,,,,,,,,
Top,shorts,Apple,amp,Alphabet,Overvaluation,Innovation,contraction,respectively,,,,,,,,,,,,,,,,,,,,,,,,,
Inappropriate,ABC,special,place,heart,It,special,place,hands,So,get,copy,zines,zinester,art,abcs,alphabet,reading,limericks,funny,swearing,smallpress,diy,,,,,,,,,,,
Google,parent,Alphabet,shutting,power,generating,kites,company,Makani,first,closure,called,moonshot,project,since,founders,Larry,Page,Sergey,Brin,stepped,back,management,December,Alphabet,,,,,,,,,
Google,Brain,DeepMind,researchers,attack,reinforcement,learning,efficiency,Innovation,research,ABPS,AIagents,sharing,knowledge,training,pool,future,bm,AIHH,AIHamburg,SocialIntelligence,algorithm,Alphabet,,,,,,,,,,,
Stoked,Scott,wins,first,PGA,Tour,title,almost,four,years,alphabet,abc,australia,abcaustralia,Property,PropertyInvestment,DavidQuinn,,,,,,,,,,,,,,,,,
Spotify,ran,largest,Google,Dataflow,job,ever,Wrapped,2019,google,GOOG,GOOGL,alphabet,TechNews,tech,google,digitaltransformation,,,,,,,,,,,,,,,,,
Alphabet,35,story,tower,slated,Toronto,might,world,tallest,wooden,skyscraper,SidewalkLabs,Canada,realestate,,,,,,,,,,,,,,,,,,,,
Space,Bandits,Themed,Building,Blocks,Set,reading,alphabet,,,,,,,,,,,,,,,,,,,,,,,,,,
Korean,Alphabet,Korean,Alphabet,Audio,Visual,Learning,Hangeul,Beginners,,,,,,,,,,,,,,,,,,,,,,,,,
Part,2,alphabet,sketch,artistsoninstagram,fineart,drawing,micronpen,coloredpencil,,,,,,,,,,,,,,,,,,,,,,,,,
Sketching,letters,Here,come,ABCs,art,drawing,sketch,letters,alphabet,artistsoninstagram,pencilsketch,ink,outlines,,,,,,,,,,,,,,,,,,,,
drawing,f4f,toy,reading,alphabet,instatoddler,2,Channels,Flexible,Blades,RC,Helicopter,Toy,,,,,,,,,,,,,,,,,,,,,
Googles,parent,company,Alphabet,somehow,heightened,share,repurchases,allocating,18,billion,order,buy,back,shares,2019,Rakamoto,Blockchain,TuesdayThoughts,Crypto,Bitcoin,Digital,Money,Coins,Dollar,Banks,,,,,,,,
How,use,play,doh,teach,kids,English,alphabet,letters,playdoh,English,alphabet,letters,education,,,,,,,,,,,,,,,,,,,,
Write,words,cross,stitch,Cross,Stitch,Writing,Tool,print,unique,pattern,alphabet,hoopart,lettering,quote,Take,look,xstitch,xst,stitching,kruissteek,kreuzstitch,pointdecroix,hoopart,,,,,,,,,,
The,technical,configuration,positive,Alphabet,Stock,MarketScreener,,,,,,,,,,,,,,,,,,,,,,,,,,,
GOOGL,ALPHABET,,,,,,,,,,,,,,,,,,,,,,,,,,,,,,,,
alphabet,alphabetstock,alphabetstockprice,Amazon,Amazon,Apple,Alphabet,Microsoft,Tesla,Hit,2,Trillion,Market,Cap,First,,,,,,,,,,,,,,,,,,,
Devon,Dialect,Alphabet,taken,MurrayLaver,Devonshire,Word,list,held,devonassoc,glittish,cruel,savage,,,,,,,,,,,,,,,,,,,,,
Writing,letter,new,paint,activity,watch,Learningmole,homeschooling,education,kids,alphabet,,,,,,,,,,,,,,,,,,,,,,,
The,Big,Five,Largest,Acquisitions,Tech,Company,Alphabet,Microsoft,Apple,Amazon,Facebook,,,,,,,,,,,,,,,,,,,,,,
NASDAQ,giants,SiliconValley,named,hub,tech,world,Apple,Google,Alphabet,Microsoft,etc,Brains,Innovation,elonmusk,BillGates,etc,look,,,,,,,,,,,,,,,,
As,beginner,learning,Korean,need,master,Korean,Alphabet,first,Start,learning,read,Korean,,,,,,,,,,,,,,,,,,,,,
Quite,perfect,little,one,queenly,time,writing,word,queen,colouring,picture,Alphabet,iChildActivity,iChild,,,,,,,,,,,,,,,,,,,,
Check,today,top,gainers,Copy,best,performing,trades,win,NAGA,copytrading,autocopy,copytrade,copytraders,socialtrading,traders,markets,marketnews,alphabet,apple,stocks,,,,,,,,,,,,,
U,K,Claimant,Count,Change,unveiled,today,Keep,updated,important,economic,news,win,trades,NAGA,copytrading,autocopy,copytrade,copytraders,socialtrading,traders,markets,marketnews,alphabet,apple,stocks,,,,,,,,
N,Nate,napping,He,lazy,bear,animalcrossing,animalcrossingnewleaf,acnl,animalcrossingnewhorizons,acnh,alphabet,nintendo,,,,,,,,,,,,,,,,,,,,,
alphabet,alphabetstock,alphabetstockprice,facebook,Google,Stock,Is,Growing,Should,Company,Cut,Down,Its,Share,Repurchases,,,,,,,,,,,,,,,,,,,
learn,Ruhrpott,alphabet,SpellItOut,Germany,VFL,Bochum,,,,,,,,,,,,,,,,,,,,,,,,,,,
Bottle,Cap,Name,Recognition,Play,Toddlers,Preschoolers,alphabet,junkplay,,,,,,,,,,,,,,,,,,,,,,,,,
This,one,letter,alphabet,unleashed,fury,inside,AFL,alphabet,abc,australia,abcaustralia,Property,PropertyInvestment,DavidQuinn,,,,,,,,,,,,,,,,,,,
Check,new,artwork,Vector,letters,monogram,alphabet,logodesign,font,fontDesign,symbols,GraphicDesign,Design,Shutterstock,,,,,,,,,,,,,,,,,,,,
Check,new,artwork,Vector,letters,monogram,alphabet,logodesign,font,fontDesign,symbols,GraphicDesign,Design,Shutterstock,,,,,,,,,,,,,,,,,,,,
Check,new,artwork,Vector,letters,monogram,alphabet,logodesign,font,fontDesign,symbols,GraphicDesign,Design,Shutterstock,,,,,,,,,,,,,,,,,,,,
Check,new,artwork,Vector,letters,monogram,alphabet,logodesign,font,fontDesign,symbols,GraphicDesign,Design,Shutterstock,,,,,,,,,,,,,,,,,,,,
Check,new,artwork,Vector,letters,monogram,alphabet,logodesign,font,fontDesign,symbols,GraphicDesign,Design,Shutterstock,,,,,,,,,,,,,,,,,,,,
eLitmus,Cryptarithmetic,Questions,Most,asked,Infosys,More,Info,8886233228,elitmus,pavanjaiswal,infosysquestions,cryptarithmetic,BRAINWIZ,mathematicalpuzzle,alphabet,elitmuspuzzles,elitmustraining,elitmusonlinetraining,elitmusphtest,,,,,,,,,,,,,,
36,LEARNING,THE,ALPHABET,Alphabet,Soup,Stuffed,Productions,Funny,Plushie,Videos,Learning,ALPHABET,Comedy,Cute,Education,Funny,Kids,Plush,Plushie,Polarbear,Seal,StuffedAnimals,Teaching,video,,,,,,,,,
Win,Engaging,Storybooks,Toddlers,Prize,Pk,Preschoolers,learn,sensory,flipflap,board,books,pausitiveliving,RaincoastBooks,Can,3,5,alphabet,,,,,,,,,,,,,,,,
reading,alphabet,Wireless,Remote,Control,Smart,Robot,Dog,Kids,,,,,,,,,,,,,,,,,,,,,,,,,
Language,Latin,Alphabet,1,,,,,,,,,,,,,,,,,,,,,,,,,,,,,,
Pixel,5ish,googlepixel,pixel5,pixel5xl,google,alphabet,ceo,sundarpichai,larrypage,schmidt,apple,timcook,stevejobs,microsoft,billgates,satyanadela,samsung,oneplus,huawei,xiaomi,android,,,,,,,,,,,,
Outlook,working,Space,like,organization,management,tool,microsoftoutlook,google,alphabet,ceo,sundarpichai,larrypage,schmidt,apple,timcook,stevejobs,microsoft,billgates,satyanadela,samsung,oneplus,huawei,xiaomi,android,,,,,,,,,
Alphabet,series,W,Phonetic,code,whiskey,w,alphabet,,,,,,,,,,,,,,,,,,,,,,,,,,
Tuesday,graphicdesign,lettering,illustration,MadewithIllustrator,adobe,visualinspiration,36daysoftype,AdobeDesigners,thedailytype,typography,alphabet,vectors,brushes,artbrushes,type,blend,,,,,,,,,,,,,,,,,
Youve,done,Our,ABC,Song,video,earned,2,MILLION,views,YouTube,THANK,YOU,watching,sharing,videos,friend,abcs,alphabet,learning,preschool,kidsvideos,videosforkids,kidspacestudios,kidspace,,,,,,,,,
Happy,Presidents,Day,snograds,kids,alphabet,alphabetdrawings,elearning,educational,dragons,kidsplay,cartoon,art,creative,drawing,kidslearning,education,edtech,iteach,homeeducation,getcreative,eduapp,dadlife,play,invitationtolearn,invitationtoplay,,,,,,,,
Today,It,Mohawk,Tomorrow,Mohammed,Indigenous,Islam,Alphabet,ShariaLaw,IncompatibleIdeology,JJ,Books,Titles,TheBookOfGood,Participationism,ByJJ,RulesALLPeopleCanLiveBy,,,,,,,,,,,,,,,,,
Many,WWI,soldiers,like,Tom,friend,Maitland,took,refuge,drawing,These,IndianCavalry,alphabet,booklet,cartoons,friend,collection,Some,longer,politically,correct,alas,two,made,smile,cartoons,Sikhs,amanmadra,,,,,,
An,interesting,alphabet,comparison,hebrew,4th,century,Palmyra,9th,century,french,11th,century,english,samaritan,book,The,Legacy,Israel,Oxford,University,Press,printed,1953,p,291,languages,history,scholarship,middleages,,,,
dantelfer,sixth,letter,first,letter,seventh,letter,Alphabet,Algorithms,,,,,,,,,,,,,,,,,,,,,,,,,
Dial,M,Monday,From,Printmaking,Alphabet,Available,letters,letterm,artforsale,sellingart,print,printmaking,letter,letters,prints,printed,book,artbook,artist,artforsaleonline,onlineartgallery,,,,,,,,,,,,
GraceRandolph,Oh,Grace,You,didnt,know,We,Women,new,next,enemy,Alphabet,community,First,getting,accepted,Wegotit,Supportedit,Now,seems,would,rather,Replace,us,Women,YouandOthersArebeingAttacked,,,,,,,,
Will,Alphabet,Google,stock,price,keep,going,Maybe,time,correction,Technical,analysis,GOOG,video,gives,us,better,idea,may,happen,NotFinancialAdvice,Google,stocks,stockmarket,ta,technicalanalysis,GOOG,,,,,,,
WHAT,S,BEHIND,CURTAIN,3,Amazon,Microsoft,reporting,cloud,business,years,Now,Google,finally,giving,us,first,peek,google,cloud,GCP,alphabet,googlecloud,,,,,,,,,,,
AOC,chief,executive,says,abuse,redress,scheme,carries,insolvency,risks,sports,alphabet,abc,australia,abcaustralia,Property,PropertyInvestment,DavidQuinn,,,,,,,,,,,,,,,,
Over,850,pages,writingpractice,tracing,dottodot,color,worksheet,alphabet,numbers,kindergarten,preschool,homeschool,letternumberrecognition,educationalprintables,Etsy,,,,,,,,,,,,,,,,,,
Turkish,alphabet,wood,blocks,made,natural,ash,wood,English,Russian,Turkish,German,Punjabi,Danish,lots,sets,alphabet,blocks,available,etsy,shop,nursery,ABC,woodtoys,toys,kids,,,,,,,,
Alphabet,earnings,show,Google,Cloud,10B,run,rate,Alphabet,Google,Cloud,,,,,,,,,,,,,,,,,,,,,,,
How,Alphabets,X,Division,Unleashes,Creativity,Global,Problems,FastCompany,Astro,Teller,head,X,reflects,10,years,work,projects,internet,beaming,balloons,sterilizing,mosquitoes,even,crazier,ideas,Alphabet,,,,,,,
Marketers,panicking,Google,plan,yank,cookies,advertising,google,GOOG,GOOGL,alphabet,TechNews,tech,google,digitaltransformation,,,,,,,,,,,,,,,,,,,
Happy,Presidents,Day,2020,Presidentsday,alanthewrench,workington,welcometoworkington,childrensbook,kids,picturebook,toys,learning,reading,school,alphabet,tool,kindergarten,elementaryschool,nurseryschool,book,books,author,cartoons,,,,,,,,,,
Watch,50,second,overview,latest,market,insights,NAGA,market,analyst,Antony,Kinnis,Keep,NAGA,overviews,make,profit,copytrading,autocopy,copytrade,copytraders,socialtrading,traders,markets,marketnews,alphabet,,,,,,,,
Pay,Up,Well,Make,Google,Ban,Your,Ads,google,GOOG,GOOGL,alphabet,TechNews,tech,google,digitaltransformation,,,,,,,,,,,,,,,,,,
FTC,turns,antitrust,heat,BigTech,The,FTC,require,top,five,US,technology,firms,Alphabet,Inc,Google,Amazon,Apple,Facebook,Microsoftto,provide,information,acquisitions,previously,reported,agency,dating,back,10,years,,,,
How,write,letter,n,Learningmole,homeschooling,education,alphabet,letters,kids,,,,,,,,,,,,,,,,,,,,,,,,
My,beloved,places,Cuba,Costa,Rica,California,My,craved,flavors,coffee,caramel,chocolate,I,seem,affinity,letter,C,Do,alphabetic,favorite,alphabet,,,,,,,,,,,,
Lovely,cross,stitch,CountryGraphs,CrossStitchPattern,CountryThemes,Chicken,Clothesline,Antiquephone,CrossStitchChart,FarmHouse,Alphabet,via,Etsy,2FunatEtsy,FreeShipping,Sale,,,,,,,,,,,,,,,,,
Kids,Videos,via,flipboard,Flipboard,kidsmusic,childrensmusic,kids,family,toddlers,preschool,preschoolers,preschoolsongs,alphabet,counting,,,,,,,,,,,,,,,,,,,
Print,chart,Stitchpoint,Cross,Stitch,Writer,make,personal,cross,stitch,sampler,alphabet,hoopart,lettering,quote,Use,free,xstitch,xst,stitching,kruissteek,kreuzstitch,pointdecroix,hoopart,,,,,,,,,,
alphabet,Amazon,apple,elonmusk,Tesla,Stock,Is,Rising,Above,800,After,Hours,Elon,Musk,Is,Expanding,Solar,Roof,Team,,,,,,,,,,,,,,,
This,Alphabet,owned,company,tested,kite,generate,electricityas,flies,QuickTake,Renewables,Sustainability,Google,Innovation,alvinfoo,chboursin,mvollmer1,NevilleGaunt,JoannMoretti,AkwyZ,Fabriziobustama,kalydeoo,sarbjeetjohal,DigitalColmer,robvank,,,,,,,,,
Check,NAGA,best,performing,traders,day,Copy,best,traders,win,every,trade,copytrading,autocopy,copytrade,copytraders,socialtrading,traders,markets,marketnews,alphabet,apple,stocks,,,,,,,,,,,
I,love,get,students,something,like,Any,recommendations,child,friendly,image,editing,apps,programs,edtech,Grade2,PLN,photography,alphabet,,,,,,,,,,,,,,,
Did,techlash,kill,Alphabets,city,future,,,,,,,,,,,,,,,,,,,,,,,,,,,,
Fact,GoogleIsNotYourFriend,Alphabet,FollowTheWhiteRabbit,TheGreatAwakening,QAnon,QArmy,must,QuestionTheNarrative,bring,DarkToLight,FinishingWhatJFKStarted,DrainTheDeepStateSwamp,TheStorm,TrustThePlan,EnjoyTheShow,WWG1WGA,,,,,,,,,,,,,,,,,
_,neon,neon,right,rain,alphabet,,,,,,,,,,,,,,,,,,,,,,,,,,,,
Grab,bargain,letter,A,mustard,navy,slight,damage,nurserydecor,alphabet,,,,,,,,,,,,,,,,,,,,,,,,
Kobe,Bryant,honoured,stirring,tribute,NBA,All,Star,Game,alphabet,abc,australia,abcaustralia,Property,PropertyInvestment,DavidQuinn,,,,,,,,,,,,,,,,,,
SS,Monogram,Logo,concept,via,insprade,inspirationde,Alphabet,Branding,Creative,Identity,LogoDesign,,,,,,,,,,,,,,,,,,,,,,
Try,learning,Alphabet,using,iPad,The,Alphabet,Book,ABC,iBooks,,,,,,,,,,,,,,,,,,,,,,,,
Stick,true,north,build,greatness,long,term,Ruth,Porat,CFO,Alphabet,womeninbusiness,MondayMotivaton,motivation,motivational,women,quoteoftheday,quotes,business,Alphabet,GreatestQuotes,QuoteBeauties,wordstionary,,,,,,,,,,,
How,write,letter,Learningmole,education,English,alphabet,letters,phonics,,,,,,,,,,,,,,,,,,,,,,,,,
Win,Engaging,Storybooks,Toddlers,Prize,Pk,Preschoolers,learn,sensory,flipflap,board,books,pausitiveliving,RaincoastBooks,Can,3,5,alphabet,,,,,,,,,,,,,,,,
From,JohnDorfman,Alphabet,heads,list,Balance,Sheet,Powerhouses,,,,,,,,,,,,,,,,,,,,,,,,,,
Google,Trax,Your,Path,Advanced,Deep,Learning,google,GOOG,GOOGL,alphabet,TechNews,tech,google,digitaltransformation,,,,,,,,,,,,,,,,,,,
Google,ditches,free,WiFi,service,South,Africa,three,months,launch,google,GOOG,GOOGL,alphabet,TechNews,tech,google,digitaltransformation,,,,,,,,,,,,,,,,
Google,Samsung,Stop,messing,Linux,kernel,code,It,hurting,Android,google,GOOG,GOOGL,alphabet,TechNews,tech,google,digitaltransformation,,,,,,,,,,,,,,,,
Sensory,Play,Alphabet,A,Z,sensoryplay,,,,,,,,,,,,,,,,,,,,,,,,,,,,
SidewalkToronto,theeyeopener,For,unfamiliar,sidewalklabs,urban,planning,innovation,company,owned,Alphabet,Googles,parent,In,2017,Sidewalk,submitted,successful,proposal,redevelop,long,neglected,Quayside,12,acres,formerly,industrial,land,TO,eastern,waterfront,,,
Language,Your,Way,team,number,awards,course,journey,The,recent,award,The,Best,Early,Childhood,Literacy,App,2019,See,ABCQuest,Awards,EdTechAwards,GamesForKids,kids,literacy,Alphabet,app,,,,,,,
dbongino,Social,media,run,democratic,money,alphabet,bezo,twitter,facebookportal,amazon,,,,,,,,,,,,,,,,,,,,,,,
Letters,Sensory,Bin,alphabet,sensorybag,,,,,,,,,,,,,,,,,,,,,,,,,,,,,
I,know,nobody,gives,sh,I,personally,dont,think,elonmusk,sell,Tesla,Alphabet,lot,problems,2019,seem,fixed,Eg,mod,3,production,building,factories,continents,development,autopilot,fsd,chip,development,I,wouldnt,,
BASEBALL,ALPHABET,BEGINNING,SOUND,SORT,Is,child,fan,baseball,This,baseball,alphabet,beginningsound,sort,help,child,vocabulary,beginning,sounds,letter,recognition,,,,,,,,,,,,,
Braille,uses,six,dots,represent,letters,numbers,even,musical,mathematical,scientific,symbols,This,alphabet,serves,vital,means,communication,blind,partially,sighted,Explore,Braille,alphabet,languages,culture,,,,,,,,
FREE,Font,Sausages,alphabet,FreeDesign,FreeGraphic,barbeque,chunky,behance,graphics,free,free,sausage,brand,typeface,invitation,freefont,font,freebies,design,,,,,,,,,,,,,,
M,Midge,making,music,animalcrossing,animalcrossingnewleaf,acnl,animalcrossingnewhorizons,acnh,alphabet,nintendo,,,,,,,,,,,,,,,,,,,,,,,
Plants,beginning,letter,Q,Which,one,favorite,We,getting,close,end,What,want,see,next,study,sketchbook,pencilsketch,plants,alphabet,quamash,queenanneslace,queenofthemeadow,queenoftheprairie,quince,queenlilyginger,queenscup,,,,,,,
Russianfacts,Russian,language,uses,Cyrillic,alphabet,instead,Latin,one,5,spoken,languages,world,eventprofs,russia,kremlin,moscow,stpetersburg,russian,architecture,incentive,travel,culture,,,,,,,,,,,
The,female,GM,BBL,says,support,women,sport,people,realise,alphabet,abc,australia,abcaustralia,Property,PropertyInvestment,DavidQuinn,,,,,,,,,,,,,,,,,
Alphabets,Jigsaw,created,tool,detects,doctored,images,Alphabet,AI,,,,,,,,,,,,,,,,,,,,,,,,,
For,crafters,Wooden,Hebrew,Alphabet,Crafting,Letters,3,5,mm,Set,54,letters,supplies,alphabet,craftshape,woodenletters,woodenalphabetsets,hebrewAlphabet,blanks,hebrewLetters,hebrewName,,,,,,,,,,,,
Learning,ABC,English,words,Learningmole,English,alphabet,,,,,,,,,,,,,,,,,,,,,,,,,,,
Dont,Use,Word,Did,Dumb,Anti,Piracy,Company,Will,Delete,You,Google,google,GOOG,GOOGL,alphabet,TechNews,tech,google,digitaltransformation,,,,,,,,,,,,,,
Olympia,Progress,Typewriter,Rare,Antique,Typewriter,Russian,Cyrillic,font,Cyrillic,Alphabet,Portable,Working,Typewriter,Vintage,steampunkstyle,Office,Decor,Stylish,officedesign,Rare,Collectible,,,,,,,,,,,,
Unusual,CONTINENTAL,SIZE,II,Rare,Typewriter,Antique,Unique,Manual,Typewriter,Russian,Cyrillic,font,Cyrillic,Alphabet,Working,Typewriter,Vintage,Steampunk,Office,steampunkstyle,Decor,Stylish,officedesign,Rare,Collectible,,,,,,,,
LYUBAVA,Soviet,Typewriter,Typewriter,Russian,Cyrillic,font,Cyrillic,Alphabet,Portable,Working,Manual,Typewriter,Stylish,officedesign,Rare,Collectible,Vintage,Made,USSR,,,,,,,,,,,,,,
Antique,OLYMPIA,PROGRESS,Retro,Manual,vintageTypewriter,Russian,font,Cyrillic,Alphabet,Portable,Working,Typewriter,Stylish,officedesign,,,,,,,,,,,,,,,,,,,
UNIS,tbm,de,Luxe,Typewriter,Yugoslavia,Manual,Typewriter,Russian,Cyrillic,font,Cyrillic,Alphabet,Portable,Working,Typewriter,RARE,Steampunk,OfficeDecor,steampunkstyle,Decor,Stylish,officedesign,Collectible,,,,,,,,,,
Ogham,BookOfKells,Early,Medieval,Alphabet,code,used,primarily,stone,inscriptions,Primitive,Irish,language,c,4th,6th,Cent,Ogham,also,exists,Unicode,block,characters,represent,PrimitiveIrish,language,inscriptions,Coding,,,,,,
Olympia,Progress,Typewriter,Rare,Antique,Typewriter,Russian,Cyrillic,font,Cyrillic,Alphabet,Portable,Working,Typewriter,Vintage,steampunkstyle,Office,Decor,Stylish,officedesign,Rare,Collectible,,,,,,,,,,,,
Unusual,CONTINENTAL,SIZE,II,Rare,Typewriter,Antique,Unique,Manual,Typewriter,Russian,Cyrillic,font,Cyrillic,Alphabet,Working,Typewriter,Vintage,Steampunk,Office,steampunkstyle,Decor,Stylish,officedesign,Rare,Collectible,,,,,,,,
LYUBAVA,Soviet,Typewriter,Typewriter,Russian,Cyrillic,font,Cyrillic,Alphabet,Portable,Working,Manual,Typewriter,Stylish,officedesign,Rare,Collectible,Vintage,Made,USSR,,,,,,,,,,,,,,
Antique,OLYMPIA,PROGRESS,Retro,Manual,vintageTypewriter,Russian,font,Cyrillic,Alphabet,Portable,Working,Typewriter,Stylish,officedesign,,,,,,,,,,,,,,,,,,,
UNIS,tbm,de,Luxe,Typewriter,Yugoslavia,Manual,Typewriter,Russian,Cyrillic,font,Cyrillic,Alphabet,Portable,Working,Typewriter,RARE,Steampunk,OfficeDecor,steampunkstyle,Decor,Stylish,officedesign,Collectible,,,,,,,,,,
How,teach,kids,write,English,alphabet,letters,ABC,Learningmole,alphabet,,,,,,,,,,,,,,,,,,,,,,,,
SundayThoughts,As,parents,often,forget,take,care,Try,week,letters,selfcare,alphabet,selfcaresunday,currently,letter,C,momlife,dadlife,parenthood,,,,,,,,,,,,,,,
Nearly,finished,project,Chart,name,font,Monaco,Cross,Stitch,Alphabet,Tool,alphabet,hoopart,lettering,quote,Go,see,xstitch,xst,stitching,kruissteek,kreuzstitch,pointdecroix,hoopart,,,,,,,,,,
Meet,Indian,startups,SMBs,using,WhatsApp,script,success,story,business,startups,WhatsApp,Facebook,alphabet,SMB,India,Services,DigiPrex,pharmacy,SQUAT,ValleyViewOrganicOrchardFarmstay,UniqueThreads,Planmymedicaltrip,network,,,,,,,,,,
Talking,progressive,step,parent,limiting,free,speech,wrong,What,happened,Alex,Jones,wrong,Yet,writing,code,Those,people,2A,BeingLiberalMeans,privacy,Conservatives,alphabet,Apple,Microsoft,rsa,,,,,,,,
Over,850,pages,writingpractice,tracing,dottodot,color,worksheet,alphabet,numbers,kindergarten,preschool,homeschool,letternumberrecognition,educationalprintables,Etsy,,,,,,,,,,,,,,,,,,
Letter,M,Mouse,Theme,Tot,School,Preschool,alphabet,totschool,,,,,,,,,,,,,,,,,,,,,,,,,
Alphabet,Dot,Letter,amp,Trace,Letter,abcs,abcletters,abctracing,alphabet,,,,,,,,,,,,,,,,,,,,,,,,
Not,fan,fact,bowed,Alphabet,community,appalling,When,apologized,stuff,say,Never,WendyWilliams,,,,,,,,,,,,,,,,,,,,,
What,next,outgoing,netball,Australia,coach,Lisa,Alexander,alphabet,abc,australia,abcaustralia,Property,PropertyInvestment,DavidQuinn,,,,,,,,,,,,,,,,,,,
Win,Engaging,Storybooks,Toddlers,Prize,Pk,Preschoolers,learn,sensory,flipflap,board,books,pausitiveliving,RaincoastBooks,Can,3,5,alphabet,,,,,,,,,,,,,,,,
NEWLearn,ABC,us,Alphabet,A,F,Or,download,outline,picture,coloring,The,link,download,description,video,artkidchannel,drawing,painting,kids,kiddrawing,easydrawing,,,,,,,,,,,,
MollyJongFast,He,cannot,even,say,Alphabet,,,,,,,,,,,,,,,,,,,,,,,,,,,,
Tricky,words,activities,kids,could,write,Learningmole,education,phonics,alphabet,,,,,,,,,,,,,,,,,,,,,,,,
Just,case,forgot,Google,Alphabet,December212017,POTUS,Trafficking,Slavery,EO,TickTock,TheGreatAwakening,,,,,,,,,,,,,,,,,,,,,,
Letter,T,words,emojis,Teddy,bear,Temple,Test,tube,Thailand,Thigh,Thread,Timer,Toe,Toilet,paper,Toolbox,Tooth,Alphabet,AlphabetEmojis,LetterT,T,,,,,,,,,,,,
How,big,company,behinders,commu,antidating,browser,discriminations,productionpushing,An,alphabet,member,owner,github,ever,free,open,source,community,,,,,,,,,,,,,,,
Letter,S,words,emojis,NEW,Salt,Saturn,Science,Shorts,Skunk,Sloth,Snorkel,Soap,Sponge,Spool,Station,Stethoscope,Superhero,Swan,Alphabet,AlphabetEmojis,LetterS,S,,,,,,,,,,,
Alphabet,GoogleAI,censoring,videos,4,awhile,amp,removed,MANY,videos,amp,accounts,saved,videos,amp,content,removed,always,info,shedding,unfavorable,light,globalist,TheDemocrats,amp,wicked,agenda,making,Google,censorship,blatantly,obvious,,
3D,Mirror,Letters,Spell,anything,occasion,Get,NOW,Link,bio,globalexecgroup,mirror,letters,lettering,alphabet,heart,party,wedding,weddingreception,weddingreceptiondecor,decor,stickers,sticker,walldecor,decorations,shiny,bright,shiny,engage,,,,,
reading,alphabet,Kid,Tetris,Educational,Montessori,Toy,,,,,,,,,,,,,,,,,,,,,,,,,,,
Jax,loves,alphabet,much,started,learning,sign,language,letters,I,made,print,Love,little,muse,makeart,alphabetprint,alphabet,signlanguage,nurserydecor,,,,,,,,,,,,,,
The,Problem,Evolves,Highlight,Group,Protectionist,Minority,Alphabet,Ideal,What,happens,NOONE,else,Feels,Safe,Secure,amp,Equal,Propagating,Inequality,Fight4Equality,JJQuotes,By,Focus,Inclusion,YOU,Exclude,JJ,,,,,,
ANIMALS,AROUND,THE,WORLD,BABY,S,FIRST,COLOURING,BOOK,Created,ME,preschool,learning,colouringbook,colouring,activity,babybook,activitybook,colour,animals,kids,children,fun,gif,animation,world,alphabet,education,WendyFrost,,,,,
reading,alphabet,Cute,Slippers,DIY,Kit,,,,,,,,,,,,,,,,,,,,,,,,,,,,
Fifteen,year,old,hails,amazing,feeling,becoming,youngest,A,League,goalscorer,alphabet,abc,australia,abcaustralia,Property,PropertyInvestment,DavidQuinn,,,,,,,,,,,,,,,,
Google,Maps,shows,different,borders,depending,side,google,GOOG,GOOGL,alphabet,TechNews,tech,google,digitaltransformation,,,,,,,,,,,,,,,,,,,
Typography,Alphabet,3,decor,unique,design,kathrinmay,via,society6,society6,typography,typedesign,abc,alphabet,homedecor,alphabet,vector,sanserif,script,type,vector,majuscule,coffeetable,table,tables,kitchen,interior,interiors,,,,,,
Google,cuts,jobs,cloud,computing,unit,part,reorganization,aimed,improving,operations,business,become,central,parent,Alphabet,Inc,google,alphabet,cloudcomputing,layoffs,reor,,,,,,,,,,,,
THE,MECK,REPORT,Google,Talks,Pay,Publishers,News,WSJ,alphabet,realDonaldTrump,GovMikeHuckabee,,,,,,,,,,,,,,,,,,,,,,
Guess,animals,learn,English,letters,animals,ABC,English,alphabet,letters,Learningmole,,,,,,,,,,,,,,,,,,,,,,,
L,Lyman,looking,lost,item,His,skill,forgetting,stuff,Have,seen,lost,item,animalcrossing,animalcrossingnewleaf,acnl,animalcrossingnewhorizons,acnh,alphabet,nintendo,,,,,,,,,,,,,,
The,popular,ebook,learning,Korean,UnitedStates,Korean,Alphabet,Start,reading,Korean,Alphabet,,,,,,,,,,,,,,,,,,,,,,
The,richest,companies,world,Apple,Microsoft,Amazon,Alphabet,Facebook,worth,5,trillion,collectively,Now,investigated,anticompetitive,practices,,,,,,,,,,,,,,,,,
Let,kids,learn,write,small,letter,L,crayon,paint,Learningmole,letters,alphabet,,,,,,,,,,,,,,,,,,,,,,
Check,newest,vector,graphicdesign,artworks,Istock,portfolio,font,fontDesign,fontart,type,typeface,alphabet,alphabetDesign,abc,letters,symbols,numbers,Design,,,,,,,,,,,,,,,
Check,new,artwork,Vector,letters,monogram,alphabet,logodesign,font,fontDesign,symbols,GraphicDesign,Design,Shutterstock,,,,,,,,,,,,,,,,,,,,
Check,new,artwork,Vector,letters,monogram,alphabet,logodesign,font,fontDesign,symbols,GraphicDesign,Design,Shutterstock,,,,,,,,,,,,,,,,,,,,
Check,new,artwork,Vector,letters,monogram,alphabet,logodesign,font,fontDesign,symbols,GraphicDesign,Design,Shutterstock,,,,,,,,,,,,,,,,,,,,
Check,new,artwork,Vector,letters,monogram,alphabet,logodesign,font,fontDesign,symbols,GraphicDesign,Design,Shutterstock,,,,,,,,,,,,,,,,,,,,
Check,new,artwork,Vector,letters,monogram,alphabet,logodesign,font,fontDesign,symbols,GraphicDesign,Design,Shutterstock,,,,,,,,,,,,,,,,,,,,
Use,Cross,Stitch,Writing,Tool,personalize,cross,stitch,project,name,stitches,alphabet,hoopart,lettering,quote,Take,look,xstitch,xst,stitching,kruissteek,kreuzstitch,pointdecroix,hoopart,,,,,,,,,,
Sugar,Hut,Fancy,Font,sugar,design,font,graphics,sans,aplhabet,typeface,FontDesign,alphabet,ttf,typography,font,premium,decorative,girly,behance,graphicdesign,,,,,,,,,,,,,
Dangerous,Alphabet,W,War,Wine,Whisky,Wealth,WIFE,Credits,mohanchandranp,,,,,,,,,,,,,,,,,,,,,,,,
Ever,dreamt,working,Google,They,plan,tripling,workforce,Canada,next,3yrs,many,5000,employees,google,canada,alphabet,itjobs,jobs,immigration,goals,remotejobs,dreamjob,trabalho,imigrao,,,,,,,,,
How,write,letter,e,phonics,Learningmole,English,alphabet,letters,,,,,,,,,,,,,,,,,,,,,,,,,
2020,Alphabet,Cuts,Off,YouTube,TV,Subscriptions,Through,Apple,AppStore,February,15,TechNews,TheStreet,RenatoZX,2020February,2020Year,,,,,,,,,,,,,,,,,
Learn,coloring,alphabet,preschool,kindergarten,homeschool,coloringworksheets,learningthroughart,printable,Etsy,,,,,,,,,,,,,,,,,,,,,,,,
museobilbao,stimulating,exhibitions,happening,The,ABC,storytelling,permanent,collection,alphabet,1,2,i_Euskadi,bilbao_udala,Bilbao,Bilbo,Bizkaia,BellasArtes,Euskadi,BasqueCountry,Some,pics,,,,,,,,,,,,
Alphabet,Judge,EU,Floats,Increasing,Fine,Alphabet,Stock,MarketScreener,,,,,,,,,,,,,,,,,,,,,,,,,
These,would,make,brilliant,gift,The,KitchenCraft,bamboo,alphabet,travel,mugs,4,99,store,coming,online,soon,great,things,mugs,Ideal,onthego,,,,,,,,,,,,
Smith,Warner,headed,back,South,Africa,fans,told,behave,alphabet,abc,australia,abcaustralia,Property,PropertyInvestment,DavidQuinn,,,,,,,,,,,,,,,,,,
EDO,G,Fun,letters,Shop,link,bio,theoriginalkbhcrew,lolifes,dethroneeveryone,hangar10studios,abc,alphabet,typography,calligraphy,sketch,,,,,,,,,,,,,,,,,,
The,essential,book,learn,Korean,Download,sample,book,see,difference,Korean,Alphabet,,,,,,,,,,,,,,,,,,,,,,
Win,Engaging,Storybooks,Toddlers,Prize,Pk,Preschoolers,learn,sensory,flipflap,board,books,pausitiveliving,RaincoastBooks,Can,3,5,alphabet,,,,,,,,,,,,,,,,
Alphabet,overtakes,Apple,become,cash,apple,alphabet,company,technews,google,,,,,,,,,,,,,,,,,,,,,,,,
Our,kindergarten,friends,smartypants,Matching,tennis,balls,alphabet,cones,ordering,theM,0,50,time,Yikes,letters,number,together,amp,putting,order,Wowza,WHBallardnews,Physical,CIRAOntario,physed,HWDSB,,,,,,,
Letter,R,words,emojis,NEW,Raccoon,Razor,Receipt,Alphabet,AlphabetEmojis,LetterR,R,,,,,,,,,,,,,,,,,,,,,,
Letter,Q,words,emojis,NEW,Qatar,Quarter,moon,Alphabet,AlphabetEmojis,LetterQ,Q,,,,,,,,,,,,,,,,,,,,,,
Letter,P,words,emojis,NEW,Paella,Panama,Parachute,Parrot,Peacock,Pinch,Planet,Pouch,Purple,Puzzle,Alphabet,AlphabetEmojis,LetterP,P,,,,,,,,,,,,,,,
AlphabetInc,Google,talks,publishers,paying,licensing,fee,content,news,product,according,people,familiar,matter,move,would,mark,shift,search,giants,relationship,news,organizations,,,,,,,,,,,
Proud,parenting,moment,alphabet,spelling,numbers,countto40,,,,,,,,,,,,,,,,,,,,,,,,,,,
Deal,Alert,OnePlus,7T,openplus,oneplus7t,bulletwireless,google,alphabet,ceo,sundarpichai,larrypage,schmidt,apple,timcook,stevejobs,microsoft,billgates,satyanadela,samsung,oneplus,huawei,xiaomi,android,,,,,,,,,,
Google,Cuts,Jobs,Cloud,Computing,Group,google,GOOG,GOOGL,alphabet,TechNews,tech,google,digitaltransformation,,,,,,,,,,,,,,,,,,,,
Alphabet,And,Profit,10p,Coin,Hunt,Today,Total,Coins,carrying,10p,coin,hunt,series,looking,alphabet,Territory,World,coins,CoinCollecting,CoinHunt,CoinHunting,TotalCoins,10p,TenPence,10Pence,Rare,alphabet,,,,,,
Love,comes,shapes,sizes,daddyandpapa,bemyvalentine,valentinesday,willyoubemyvalentine,valentines,valentinecard,valentinesurprise,valentinestreat,valentinespecial,hearts,celebrate,cupidday,today,instavalentines,february14,feb14th,kids,alphabet,,,,,,,,,,,,
mformermaid,Another,letter,finished,crossstitchsampler,bothythreads,Eight,letters,done,myfavouritethings,alphabet,alphabetsampler,nowiknowmyabcs,crossstitchersofinstagram,crossstitch,,,,,,,,,,,,,,,,,,,
More,secured,MIUI,way,miui,privacy,security,google,alphabet,ceo,sundarpichai,larrypage,schmidt,apple,timcook,stevejobs,microsoft,billgates,satyanadela,samsung,oneplus,huawei,xiaomi,android,,,,,,,,,,
Alphabet,Google,YouTube,took,video,Senator,Rand,Paul,put,named,alleged,CIA,Whistleblower,Eric,Ciaramella,It,time,reign,BigTech,RandPaul,realDonaldTrump,,,,,,,,,,,,,
Typography,Alphabet,2,decor,unique,design,kathrinmay,via,society6,society6,typography,typedesign,abc,alphabet,alphabet,vector,sanserif,script,type,vector,majuscule,notebook,book,books,writing,note,stationery,sketchbook,notebooks,,,,,
reading,alphabet,Colorful,ABS,Plastic,Pretend,Play,Kitchen,Toys,8,pcs,Set,,,,,,,,,,,,,,,,,,,,,,
FREE,Font,Treasure,Script,script,behance,ligatures,design,typeface,free,ttf,alphabet,text,handwriting,font,graphics,GraphicDesign,treasure,,,,,,,,,,,,,,,,
Despite,Australia,tri,series,struggles,World,Cup,still,taking,alphabet,abc,australia,abcaustralia,Property,PropertyInvestment,DavidQuinn,,,,,,,,,,,,,,,,,,
Only,SouthAsia,dwellers,know,difference,Bari,ABC,Choti,ABC,English,Alphabet,Pakistan,,,,,,,,,,,,,,,,,,,,,,
WendyWilliams,I,know,lot,women,agree,There,median,accepting,people,force,others,Respect,selfesteem,TruthHurts,balance,many,letters,I,say,alphabet,community,,,,,,,,,,,,
A,Acquiesce,Thats,interesting,word,isnt,I,came,across,acquiesce,accident,From,Emmabella,Birthday,Alphabet,available,paperback,Kindle,Amazon,birthday,alphabet,WritingCommuntiy,,,,,,,,,,,,
shatta_ute,Everytging,said,ICONCUR,DWADE,entire,disposition,mentality,reference,son,comes,agenda,ish,opposed,supportive,All,ALPHABET,bs,beyond,ridiculous,imo,mofos,truly,needs,stopped,STRAIGHTLIVESMATTER,,,,,,,,
The,essential,book,learn,Korean,Download,sample,book,see,difference,Korean,Alphabet,,,,,,,,,,,,,,,,,,,,,,
Worlds,Worst,pick,line,If,I,could,rearrange,alphabet,I,would,put,U,I,together,JoinTheLine,ValentinesDay,badpickuplines,datingadvice,alphabet,,,,,,,,,,,,,,
randpaul,Don,blame,YouTube,alphabet,India,allowed,become,become,without,Gov,approval,remaining,Gov,control,amp,censorship,executive,privilege,In,words,part,Gov,,,,,,,,,,,
CharlesMBlow,EXACTLY,OBAMA,WAS,A,SYMBOL,LOVE,THE,GUY,BUT,HE,A,HERO,4,WHO,ACTUALLY,THE,ALPHABET,PPL,,,,,,,,,,,,,,,
Happy,Valentines,Day,Also,Letter,Critter,Q,birthday,today,This,interesting,crush,Letter,Critter,U,She,might,valentine,year,lettercritters,alphabet,cute,valentinesday,childrensbooks,bear,letters,squirrel,DebiDerryberry,,,,,,
Learn,ABC,English,kids,Learningmole,alphabet,education,,,,,,,,,,,,,,,,,,,,,,,,,,,
Give,NAGA,best,performing,traders,week,Join,autocopy,NAGA,top,traders,win,profits,NAGA,copytrading,autocopy,copytrade,copytraders,socialtrading,traders,markets,marketnews,alphabet,apple,stocks,,,,,,,,,
Was,Waze,another,catch,amp,kill,MnA,target,The,US,FTC,wants,know,Per,BLaw,cash,deal,alphabet,google,represented,ClearyGottlieb,Closed,6,2013,UK,Ofc,Fair,Trdg,approved,11,2013,,,
Alphabet,Google,accelerating,Healthcare,IT,Product,division,Google,Health,500,people,What,would,like,see,changed,today,Health,arena,alphabet,google,healthcareit,futureofhealthcare,,,,,,,,,,,
Thanks,coming,hear,book,talk,UisforUrial,ISBN9781733234818,urial,booklover,childrensbooks,alphabet,StephanieSegalMillerArt,Ventnor,City,New,Jersey,,,,,,,,,,,,,,,,,,
Check,latest,market,news,Renault,Tesla,Google,NAGA,Daily,Wrap,Up,Join,trade,100,accuracy,NAGA,copytrading,autocopy,copytrade,copytraders,socialtrading,traders,markets,marketnews,alphabet,apple,stocks,,,,,,,
OLRefugeMonksCA,The,former,author,Cyrillic,alphabet,I,mistaken,,,,,,,,,,,,,,,,,,,,,,,,,,
Write,words,cross,stitch,Cross,Stitch,Writer,print,unique,pattern,alphabet,hoopart,lettering,quote,Go,see,xstitch,xst,stitching,kruissteek,kreuzstitch,pointdecroix,hoopart,,,,,,,,,,,
Hey,Big,Tech,FISH,Why,Cant,Feds,Feds,Launch,Probe,Big_Techs,Smallest_Acquisitions,The,review,cover,acquisitions,made,Alphabet,Google,Amazon,Apple,Facebook,Microsoft,2010,,,,,,,,,,
Alphabet,Google,Talks,Pay,Publishers,News,Content,Update,Alphabet,Stock,MarketScreener,,,,,,,,,,,,,,,,,,,,,,,
Printable,learning,activity,alphabet,numbers,recognition,preschool,kindergarten,homeschool,coloringworksheets,learningthroughart,Etsy,,,,,,,,,,,,,,,,,,,,,,
Watch,45,second,video,trading,industry,insights,NAGA,Expert,Anthony,Kinnis,Make,successful,trade,right,NAGA,copytrading,autocopy,copytrade,copytraders,socialtrading,traders,markets,marketnews,alphabet,apple,stock,,,,,,,
Alphabet,Google,criticizes,EU,eye,catching,2,6,billion,antitrust,fine,Alphabet,Stock,MarketScreener,,,,,,,,,,,,,,,,,,,,
How,find,delete,data,Google,keeps,google,GOOG,GOOGL,alphabet,TechNews,tech,google,digitaltransformation,,,,,,,,,,,,,,,,,,,,
Monogram,Hand,Lettered,Font,capital,GraphicDesign,alphabet,graphic,font,handdrawn,caps,handlettered,handwriting,design,svg,behance,monogram,letters,,,,,,,,,,,,,,,,
finally,first,peek,Google,Cloud,performance,Alphabet,GoogleCloud,GCP,cloud,,,,,,,,,,,,,,,,,,,,,,,,
GOOGL,Alphabet,Class,A,Q1,Hit,Coronavirus,Savings,Drive,2H,Reacceleration,Shots,Fired,Google,equity,stocks,,,,,,,,,,,,,,,,,,
Whats,favorite,word,starts,W,roundbatman,inshapeuniverse,batman,dccomics,superheroes,erte,letters,alphabet,cartoons,comiccons,nycomiccon,sandiegocomiccon,popart,poppaintings,masks,,,,,,,,,,,,,,
GOOGL,Alphabet,Class,A,Solid,4Q,Performance,1Q,Hotel,Business,Slower,equity,stocks,,,,,,,,,,,,,,,,,,,,,
36,LEARNING,THE,ALPHABET,Alphabet,Soup,Stuffed,Productions,Funny,Plushie,Videos,Learning,ALPHABET,Comedy,Cute,Education,Funny,Kids,Plush,Plushie,Polarbear,Seal,StuffedAnimals,Teaching,video,,,,,,,,,
Google,appeases,Stadia,subscribers,first,new,game,announcements,since,launch,google,alphabet,stadia,gaming,cloud,,,,,,,,,,,,,,,,,,,
The,Roman,Catholic,Church,celebrates,14th,February,feast,day,Saints,Cyril,Methodius,Cyril,created,Slavic,Glagolitic,alphabet,died,date,869,,,,,,,,,,,,,,
Robins,begun,looking,letter,names,sounds,know,What,lovely,singing,alphabet,song,WVPS,EYFS,Alphabet,,,,,,,,,,,,,,,,,,,
__CAFFREY__USA,WSJ,IAMONLYCAFFREY,SaudiArabia,UAE,biggest,investor,Alphabet,cuz,murders,took,place,UAE,princes,got,arrested,Alphabet,stock,spoils,,,,,,,,,,,,,,,
Check,new,artwork,Vector,letters,monogram,alphabet,logodesign,font,fontDesign,symbols,GraphicDesign,Design,Shutterstock,,,,,,,,,,,,,,,,,,,,
Check,new,artwork,Vector,letters,monogram,alphabet,logodesign,font,fontDesign,symbols,GraphicDesign,Design,Shutterstock,,,,,,,,,,,,,,,,,,,,
Check,new,artwork,Vector,letters,monogram,alphabet,logodesign,font,fontDesign,symbols,GraphicDesign,Design,Shutterstock,,,,,,,,,,,,,,,,,,,,
Check,new,artwork,Vector,letters,monogram,alphabet,logodesign,font,fontDesign,symbols,GraphicDesign,Design,Shutterstock,,,,,,,,,,,,,,,,,,,,
Check,new,artwork,Vector,letters,monogram,alphabet,logodesign,font,fontDesign,symbols,GraphicDesign,Design,Shutterstock,,,,,,,,,,,,,,,,,,,,
Cisco,fails,impress,investors,quarterly,performance,results,despite,beating,analysts,estimates,Cisco,EarningsReport,StockMarketNews,SecondQuarter,Amazon,Alphabet,Microsoft,,,,,,,,,,,,,,,,
Boost,Matildas,rivalry,US,two,match,Australian,series,alphabet,abc,australia,abcaustralia,Property,PropertyInvestment,DavidQuinn,,,,,,,,,,,,,,,,,,,
Win,Engaging,Storybooks,Toddlers,Prize,Pk,Preschoolers,learn,sensory,flipflap,board,books,pausitiveliving,RaincoastBooks,Can,3,5,alphabet,,,,,,,,,,,,,,,,
th3j35t3r,googlecloud,I,wonder,fast,robot,works,Google,cloud,really,housing,website,well,Im,trouble,cloud,googl,alphabet,googlecloud,,,,,,,,,,,,,,,
Teach,little,one,ABCs,Beatrix,Potter,darling,animals,help,learn,See,educational,decor,beatrixpotter,peterrabbit,bunting,Garland,educationalgifts,kidsdecorations,nurserydecorations,alphabet,reading,,,,,,,,,,,,
Open,message,youtube,google,amp,Alphabet,Stop,partnership,CCPChina,grey,censorship,regret,fire,even,jail,given,risks,shifting,big,everyone,Where,directive,Do,No,Evil,Be,helpful,FBI,Trump2020,china,collusion,SARS2,COVID19,
Open,message,Youtube,Google,amp,Alphabet,stop,partnership,CCPChina,grey,censorships,actions,increase,parties,Risks,shifting,big,realDonaldTrump,Trump2020,coronaviruschina,WuhanVirus,COVID_19,COVID19,,,,,,,,,,,
FTC,TO,PROBE,ACQUISITIONS,BY,U,S,TECH,GIANTS,OVER,ANTITRUST,ISSUES,READ,FTC,acquisition,amazon,facebook,google,alphabet,microsoft,antitrust,investigation,,,,,,,,,,,,
Open,message,web,big,media,particular,YouTube,google,alphabet,stop,partnership,covert,china,sponsor,grey,censorship,risks,actions,rising,Don,wrong,side,time,SARS2,Trump2020,coronaviruschina,WuhanVirus,COVID19,,,,,,
reading,alphabet,Multifunctional,Educational,Musical,Toy,,,,,,,,,,,,,,,,,,,,,,,,,,,,
relicn0cer,It,foreshadowing,Bloomberg,alphabet,going,censor,distort,intervene,amp,generally,meddle,2020election,try,hard,coup,POTUS,,,,,,,,,,,,,,,,,
Let,students,design,alphabet,trace,markers,colour,Fun,doodling,alphabet,,,,,,,,,,,,,,,,,,,,,,,,
This,rather,interesting,Alphabet,TheMoreYouKnow,,,,,,,,,,,,,,,,,,,,,,,,,,,,,
Oh,take,look,reading,alphabet,,,,,,,,,,,,,,,,,,,,,,,,,,,,,
Q,people,love,valentines,day,wait,till,14th,show,Alphabet,February,Each,day,different,letter,onomatopoeiac,alphabet,I,created,Etsy,link,bio,alphabet,,,,,,,,,,,
Make,learning,fun,flowers,alphabet,kids,preschool,kindergarten,homeschool,coloringworksheets,learningthroughart,Etsy,,,,,,,,,,,,,,,,,,,,,,
drawing,f4f,toy,reading,alphabet,instatoddler,Intelligent,DIY,RC,Robot,,,,,,,,,,,,,,,,,,,,,,,,
Sweet,ABCs,alphabet,nursery,artprint,kawaii,sweets,dessert,wallart,,,,,,,,,,,,,,,,,,,,,,,,,
Try,learning,Alphabet,using,iPad,The,Alphabet,Book,ABC,iBooks,,,,,,,,,,,,,,,,,,,,,,,,
Microsoft,Apple,Google,Amazon,MAGA,Trillion,Dollar,Companies,Donald,I,guess,MAAA,Alphabet,DonaldTrump,,,,,,,,,,,,,,,,,,,,
Privacy,Advocacy,Groups,Scare,Facebook,amp,Google,google,alphabet,facebook,publicinterest,groups,digitaldemocracy,brookingsititute,lobbyists,privacy,security,,,,,,,,,,,,,,,,,
James_Lion_01,alphanumeric,preferred,song,T,4,2,N,2,4,T,song,tea,alphabet,numerique,numbers,,,,,,,,,,,,,,,,,,
James_Lion_01,alphanumeric,preferred,song,T,4,2,N,2,4,T,song,tea,alphabet,numerique,numbers,,,,,,,,,,,,,,,,,,
James_Lion_01,JadetheMaid1,alphanumeric,preferred,song,T,4,2,N,2,4,T,song,tea,alphabet,numerique,numbers,,,,,,,,,,,,,,,,,
alphanumeric,preferred,song,T,4,2,N,2,4,T,song,tea,alphabet,numerique,numbers,,,,,,,,,,,,,,,,,,,
The,combination,deflationary,pressures,attempted,transition,recurring,revenue,model,100,bn,cash,pile,makes,alphabet,interesting,governance,financial,story,2020,,,,,,,,,,,,,,
One,thing,got,left,editing,room,floor,discussion,alphabet,decision,stop,publishing,costperclick,paidclick,numbers,alongside,breaking,Cloud,youtube,The,combo,reporting,changes,really,interesting,,,,,,,,,
G,di,named,gee,seventh,letter,basic,modern,Latin,voxel,alphabet,G,letter,alphabet,G,,,,,,,,,,,,,,,,,,,
Android,co,founder,Andy,Rubins,startup,shuts,Android,startup,US,Essential,ArtificialIntelligence,AI,Phone,Investors,Google,scandals,smartphones,Alphabet,Nest,Fitbit,smartphones,Software,Operations,,,,,,,,,,
Writing,spelling,tricky,words,English,dictionary,kids,Learningmole,alphabet,letters,,,,,,,,,,,,,,,,,,,,,,,,
Golden,Socket,Black,Hole,alphabet,black,blackhole,body,code,codes,cosmos,digital,disc,eye,eyesocket,galaxy,golden,gravity,lens,secrets,socket,space,star,stars,universe,vacuum,mikiru,lensing,mikiuniv,goldensocket,goldeneyesocket,digitaldrawing,,
Google,Cloud,Acquisition,News,Alphabet,finalized,2,6,billion,takeover,big,data,analytics,firm,Looker,Data,Sciences,CheddarLive,GOOGL,,,,,,,,,,,,,,,
What,Happened,Google,Effort,Scan,Millions,University,Library,Books,google,GOOG,GOOGL,alphabet,TechNews,tech,google,digitaltransformation,,,,,,,,,,,,,,,,,
Tricky,words,activities,kids,could,write,Learningmole,education,phonics,alphabet,,,,,,,,,,,,,,,,,,,,,,,,
Write,name,stitches,Cross,Stitch,Alphabet,Tool,sign,precious,cross,stitch,project,alphabet,hoopart,lettering,quote,Enjoy,xstitch,xst,stitching,kruissteek,kreuzstitch,pointdecroix,hoopart,,,,,,,,,,
Letter,H,House,Theme,Tot,School,Preschool,alphabet,totschool,,,,,,,,,,,,,,,,,,,,,,,,,
alphabet,Amazon,apple,elonmusk,Tesla,Stock,Slows,Down,Elon,Musk,Could,Get,His,First,Paycheck,Soon,,,,,,,,,,,,,,,,,,
Its,hard,stay,Essential,Essential,shuts,No,PH,1,updates,No,GEM,phone,google,alphabet,ceo,sundarpichai,larrypage,schmidt,apple,timcook,stevejobs,microsoft,billgates,satyanadela,samsung,oneplus,huawei,xiaomi,androidg,,,,
The,State,Startups,Tech,Experts,DOJ,Officials,Weigh,In,Alphabet,Stock,MarketScreener,,,,,,,,,,,,,,,,,,,,,,
To,learn,Googles,pleas,Commissions,Google,Search,Decision,join,ERAs,Webinar,antitrust,Enforcement,Digital,Economy,Main,Challenges,Current,Trends,4th,March,2020,LivewithERA,antitrustlaw,Alphabet,,,,,,,,,
How,write,letter,e,phonics,Learningmole,English,alphabet,letters,,,,,,,,,,,,,,,,,,,,,,,,,
K,Kevin,kickin,animalcrossing,animalcrossingnewleaf,acnl,animalcrossingnewhorizons,acnh,alphabet,nintendo,,,,,,,,,,,,,,,,,,,,,,,,
GOOGL,Alphabet,Class,A,Lowering,PT,4Q,Top,Line,Miss,Unclear,FY20,Outlook,equity,stocks,,,,,,,,,,,,,,,,,,,
And,Q,queen,alphabet,LilWayne,,,,,,,,,,,,,,,,,,,,,,,,,,,,,
FREE,Font,Rote,Signature,alphabet,handwritten,freefont,invitation,signature,ScriptFonts,font,fonr,graphics,free,typography,FontDesign,script,graphicdesign,wedding,elegant,script,,,,,,,,,,,,,
EUGeneralCourt,shares,hearing,report,Case,T,612,17,Google,Alphabet,v,European,Commission,summarizing,facts,relied,arguments,party,interveners,happy,reading,,,,,,,,,,,,,
WHAT,S,BEHIND,CURTAIN,3,Amazon,Microsoft,reporting,cloud,business,years,Now,Google,finally,giving,us,first,peek,google,cloud,GCP,alphabet,googlecloud,,,,,,,,,,,
FTC,investigate,killer,acquisitions,violations,antitrust,laws,A,dig,BigTech,firms,Facebook,Amazon,Microsoft,Alphabet,,,,,,,,,,,,,,,,,,,
Reuters,summarizes,yesterday,hearing,General,Court,Google,amp,Alphabet,v,Commission,,,,,,,,,,,,,,,,,,,,,,,
Apple,Microsoft,vs,Stock,Market,The,two,tech,titans,alone,greater,weight,S,amp,P,500,7,sectors,apple,microsoft,google,alphabet,tesla,netflix,facebook,amazon,FAANG,earnings,volatility,bullmarket,bubble,vix,stockm,
Google,Parent,Alphabet,Is,No,Longer,A,1,Trillion,Company,After,Latest,Earnings,Miss,via,forbes,google,alphabet,,,,,,,,,,,,,,,,
Check,new,artwork,Vector,font,fontDesign,fontart,type,typeface,alphabet,alphabetDesign,abc,letters,symbols,GraphicDesign,Design,Shutterstock,,,,,,,,,,,,,,,,,
Check,new,artwork,Vector,font,fontDesign,fontart,type,typeface,alphabet,alphabetDesign,abc,letters,symbols,GraphicDesign,Design,Shutterstock,,,,,,,,,,,,,,,,,
Check,new,artwork,Vector,font,fontDesign,fontart,type,typeface,alphabet,alphabetDesign,abc,letters,symbols,GraphicDesign,Design,Shutterstock,,,,,,,,,,,,,,,,,
Check,new,artwork,Vector,font,fontDesign,fontart,type,typeface,alphabet,alphabetDesign,abc,letters,symbols,GraphicDesign,Design,Shutterstock,,,,,,,,,,,,,,,,,
Check,new,artwork,Vector,font,fontDesign,fontart,type,typeface,alphabet,alphabetDesign,abc,letters,symbols,GraphicDesign,Design,Shutterstock,,,,,,,,,,,,,,,,,
36,LEARNING,THE,ALPHABET,Alphabet,Soup,Stuffed,Productions,Funny,Plushie,Videos,Kids,ALPHABET,,,,,,,,,,,,,,,,,,,,,
New,logo,icons,Google,Alphabet,,,,,,,,,,,,,,,,,,,,,,,,,,,,,
richardhench,CBP,Ur,phone,amp,ur,browser,built,Russian,Sergey,Mikhaylovich,Brin,Alphabet,Google,You,given,everything,U,probably,sent,ur,DNA,wife,23,amp,Me,,,,,,,,
FTC,examine,every,acquisition,Alphabet,Amazon,Apple,Facebook,Microsoft,2010,2019,antitrust,issues,ingridlunden,reports,,,,,,,,,,,,,,,,,,,
Look,As,printing,alphabet,4yearsold,literacy,happyvalentinesday,Streetsboro,Ohio,,,,,,,,,,,,,,,,,,,,,,,,,
Sticky,Letters,Busy,Bag,alphabet,busybag,,,,,,,,,,,,,,,,,,,,,,,,,,,,
The,essential,book,learn,Korean,Download,sample,book,see,difference,Korean,Alphabet,,,,,,,,,,,,,,,,,,,,,,
As,part,antitrust,probe,FTC,aims,rein,Big,5,review,past,acquisitions,Apple,Alphabet,Facebook,Amazon,Microsoft,made,last,10,years,Will,interesting,see,pans,,,,,,,,,
GAFAM,Tech,Companies,Dominate,S,amp,P,500,Index,Apple,Amazon,Alphabet,Microsoft,Facebook,account,20,market,value,entire,S,amp,P500,With,collective,value,nearly,5,trillion,top,tech,companies,,,
FREE,Font,Goodies,otf,alphabet,typography,GraphicDesign,invitation,script,wedding,brush,freefont,typography,design,FontDesign,font,handdrawn,typeface,script,,,,,,,,,,,,,,,
Apple,Amazon,Alphabet,Microsoft,Facebook,account,20,percent,market,value,entire,S,amp,P,500,youthquake4,disruption,amp,p500,fourthindustrialrevolution,technologyinnovation,bigtech,businessmodels,,,,,,,,,,,
robbystarbuck,Cernovich,Why,google,hate,America,invest,directly,degrading,Her,name,Do,Young,Turks,speak,Alphabet,Or,financially,support,another,reason,,,,,,,,,,,,,
N,late,night,smackers,twilight,fridge,runs,love,zombie,Alphabet,February,Each,day,different,letter,onomatopoeiac,alphabet,I,created,Etsy,link,bio,alphabet,,,,,,,,,,,
Making,goods,cut,vinyl,wood,typography,goodtype,type,letter,letters,lettering,abc,alphabet,wood,vinyl,design,graphicdesign,graphicdesigner,customtype,,,,,,,,,,,,,,,
WATCH,Cadwalader,Antitrust,partner,Joel,Mitnick,jmmitnick,weighs,FTC,decision,examine,prior,acquisitions,made,Alphabet,Amazon,Apple,Facebook,Microsoft,via,Cheddar,,,,,,,,,,,,,
Welcome,new,collection,Adobe,Portfolio,Cyrillic,alphabet,Download,AdobeStock,vector,directly,AdobePortfolio,,,,,,,,,,,,,,,,,,,,,,
reading,alphabet,High,Speed,Plastic,RC,Boat,LCD,Screen,,,,,,,,,,,,,,,,,,,,,,,,,
The,FTC,ordered,fives,big,tech,companies,Alphabet,Amazon,Apple,Facebook,Microsoftto,provide,detailed,information,previous,acquisitions,small,companies,Antitrust,,,,,,,,,,,,,,
Handelszeitung,sind,eher,20,Milliarden,p,Free,Cashflow,tesla,google,Alphabet,,,,,,,,,,,,,,,,,,,,,,,
Floral,lettering,embroidered,personalised,aprons,proving,popular,babahoot,handmadehour,lettering,fonts,floral,florist,flowers,etsychaching,etsysocial,alphabet,embroidery,,,,,,,,,,,,,,,,
Now,wondering,ended,EUCourtPress,Alphabet,,,,,,,,,,,,,,,,,,,,,,,,,,,,,
Typography,Alphabet,1,decor,unique,design,kathrinmay,via,society6,society6,typography,typedesign,abc,alphabet,wallart,homedecor,alphabet,vector,sanserif,script,type,vector,majuscule,art,style,interior,tapestries,tapestry,buyart,,,,,
Interesting,graphic,published,today,shows,top,5,companies,powerful,S,amp,P,500,index,tech,companies,wide,margin,Apple,Amazon,Alphabet,Inc,Microsoft,Facebook,account,20,market,value,entire,S,amp,P,500,CWT
drawing,f4f,toy,reading,alphabet,instatoddler,Remote,Control,Realistic,Metal,Bulldozer,Toy,,,,,,,,,,,,,,,,,,,,,,
Alphabet,New,Approach,Could,Send,Stock,Way,Higher,themotleyfool,stocks,GOOGL,GOOG,google,alphabet,investing,,,,,,,,,,,,,,,,,,,
Ford,Is,Learning,Fast,From,Alphabet,amp,Apple,How,To,Compete,With,Patents,,,,,,,,,,,,,,,,,,,,,
EU,antitrust,regulators,plan,broad,enquiry,tech,sector,Alphabet,Stock,MarketScreener,,,,,,,,,,,,,,,,,,,,,,,
Great,huh,reading,alphabet,,,,,,,,,,,,,,,,,,,,,,,,,,,,,,
Android,dominant,phone,operating,system,nowadays,worldwide,But,look,United,States,Android,lags,slightly,behind,iOS,google,goog,googl,alphabet,insights,business,businessanalytics,equities,android,smartphones,digitaladvertising,googleplay,,,,,,
Alphabet,honors,Pichai,largest,ever,stock,award,sundarpichai,,,,,,,,,,,,,,,,,,,,,,,,,,
karaswisher,Who,came,MAGA,stock,acronym,stupid,GOOGLE,APPLE,MICROSOFT,ALPHABET,GAMA,GAMA,GAMA,GAMA,GAMA,GAMA,GAMA,GAMA,GAMA,,,,,,,,,,,,,,
In,today,tech,news,The,Information,suggests,may,sign,Alphabet,outlived,usefulness,holding,company,Tech,Digital,Google,Alphabet,Jigsaw,,,,,,,,,,,,,,,
Alphabet,Google,puts,fight,EU,fine,via,dwnews,EU,Google,Alphabet,regulators,politics,tech,data,SocialMedia,competition,markets,,,,,,,,,,,,,,,,
Alphabet,Letter,Cushions,A,unique,personalised,gift,Unisex,design,Available,online,personalisedgifts,personalised,personalisedgift,cushion,alphabet,stardesign,giftshopping,christeninggift,letterstyle,scattercushions,,,,,,,,,,,,,
Alphabet,Flexes,Its,Muscle,Through,All,Time,Highs,GOOGL,,,,,,,,,,,,,,,,,,,,,,,,,
Finishing,cross,stitch,project,Chart,name,Cross,Stitch,Writing,Tool,stitch,alphabet,hoopart,lettering,quote,Go,see,xstitch,xst,stitching,kruissteek,kreuzstitch,pointdecroix,hoopart,,,,,,,,,,
Loving,blue,frame,alphabet,print,alphabet,alphabetprint,abc,pictureframing,customframing,bespoke,bespokeframing,boxframe,london,hackney,hackneyroad,shoreditch,raysframes,,,,,,,,,,,,,,,,
Breakingviews,Silicon,Valley,pushed,regulatory,purgatory,Alphabet,Amazon,Facebook,among,firms,providing,data,tiny,acquisitions,U,S,FTC,new,orders,Watchdogs,signaling,Big,Tech,deal,safe,,,,,,,,
CNBC,Who,came,MAGA,stock,acronym,stupid,GOOGLE,APPLE,MICROSOFT,ALPHABET,GAMA,GAMA,GAMA,GAMA,GAMA,GAMA,GAMA,GAMA,GAMA,,,,,,,,,,,,,,
MelissaLeeCNBC,Who,came,MAGA,stock,acronym,stupid,GOOGLE,APPLE,MICROSOFT,ALPHABET,GAMA,GAMA,GAMA,GAMA,GAMA,GAMA,GAMA,GAMA,GAMA,,,,,,,,,,,,,,
jimcramer,Who,came,MAGA,stock,acronym,stupid,GOOGLE,APPLE,MICROSOFT,ALPHABET,GAMA,GAMA,GAMA,GAMA,GAMA,GAMA,GAMA,GAMA,GAMA,,,,,,,,,,,,,,
The,FTC,ordered,five,big,tech,companies,Alphabet,Amazon,Apple,Facebook,Microsoftto,provide,detailed,information,previous,acquisitions,small,companies,via,WSJ,antitrust,competition,,,,,,,,,,,
Pronouncing,Korean,difficult,Korean,Alphabet,,,,,,,,,,,,,,,,,,,,,,,,,,,,,
Alphabet,Google,Amazon,Facebook,Microsoft,get,attention,FTC,TechHearings,,,,,,,,,,,,,,,,,,,,,,,,,
drawing,f4f,toy,reading,alphabet,instatoddler,Early,Education,Insect,Observer,Biology,Kit,,,,,,,,,,,,,,,,,,,,,,
Google,Starts,Appeal,Against,EU,Antitrust,Decisions,Alphabet,Stock,MarketScreener,,,,,,,,,,,,,,,,,,,,,,,,
The,Information,Alphabet,negotiating,film,television,companies,offer,wide,range,video,subscription,streaming,services,Google,YouTube,platforms,______,BDPAfuture,BDPA2020,,,,,,,,,,,,,,
Here,Top,companies,headed,Indian,origin,CEOs,google,SundarPichai,Alphabet,microsoft,SatyaNadella,WeWork,currentaffairs,upsc,dailycurrentaffairs,upscmotivation,CivilService,CivilServices,governmentjobs,governmentjob,GeneralKnowledge,gk,knowledge,,,,,,,,,,
atrupar,Only,Google,Alphabet,MAAA,,,,,,,,,,,,,,,,,,,,,,,,,,,,,
jimcramer,Who,came,MAGA,stock,acronym,stupid,GOOGLE,APPLE,MICROSOFT,ALPHABET,GAMA,GAMA,GAMA,GAMA,GAMA,GAMA,GAMA,GAMA,GAMA,,,,,,,,,,,,,,
ScottWapnerCNBC,Who,came,MAGA,stock,acronym,stupid,GOOGLE,APPLE,MICROSOFT,ALPHABET,GAMA,GAMA,GAMA,GAMA,GAMA,GAMA,GAMA,GAMA,GAMA,,,,,,,,,,,,,,
ReformedBroker,Who,came,MAGA,stock,acronym,stupid,GOOGLE,APPLE,MICROSOFT,ALPHABET,GAMA,GAMA,GAMA,GAMA,GAMA,GAMA,GAMA,GAMA,GAMA,,,,,,,,,,,,,,
Check,latest,market,insights,NAGA,expert,Anthony,Kinni,Be,first,know,market,updates,NAGA,copytrading,autocopy,copytrade,copytraders,socialtrading,traders,markets,marketnews,alphabet,apple,stocks,,,,,,,,,
F,fox,Thanks,ideas,animalalphabet,animals,alphabet,fox,frog,sketchbook,watercolor,,,,,,,,,,,,,,,,,,,,,,,
Saw,What,Was,could,write,tricky,words,Learningmole,English,alphabet,phonics,letters,education,,,,,,,,,,,,,,,,,,,,,
Ads,Important,creators,potentially,annoying,viewers,But,Alphabet,denying,YouTube,ads,helping,company,income,surge,forward,,,,,,,,,,,,,,,,,,
alphabet,Amazon,apple,donaldtrump,Donald,Trump,Tries,Take,His,Merit,MAGA,Stock,Rise,,,,,,,,,,,,,,,,,,,,,
However,many,know,parent,company,Alphabet,actually,owns,number,different,companies,businesses,across,diverse,industries,segments,Google,happens,one,biggest,ones,,,,,,,,,,,,,
Check,today,best,market,performers,Join,keep,updated,takes,lead,today,NAGA,copytrading,autocopy,copytrade,copytraders,socialtrading,traders,markets,marketnews,alphabet,apple,stocks,,,,,,,,,,,
The,hearing,Google,Alphabet,vs,EU_Commission,case,started,today,scheduled,continue,Friday,,,,,,,,,,,,,,,,,,,,,,
Find,first,word,word,drawing,lettering,alphabet,,,,,,,,,,,,,,,,,,,,,,,,,,,
4,Techs,Market,Caps,gt,1,trillion,Microsoft,Apple,Alphabet,Amazon,Collectively,added,520,billion,marketcap,year,alone,FTC,examine,prior,acquisitions,4,FTC,require,info,acquisitions,previously,reported,,,,,
Who,likes,WOW,reading,alphabet,,,,,,,,,,,,,,,,,,,,,,,,,,,,,
EUGeneralCourt,hearing,case,Google,Alphabet,vs,Commission,EU_Commission,T,612,17,started,,,,,,,,,,,,,,,,,,,,,,
Google,Just,Cut,Cord,Calling,Out,Cable,TV,Content,Providers,innovation,alphabet,contentcreators,,,,,,,,,,,,,,,,,,,,,
I,Iggly,ice,skating,And,J,Julian,Julian,I,forgot,think,verb,animalcrossingnewleaf,acnl,animalcrossingnewhorizons,acnh,alphabet,nintendo,,,,,,,,,,,,,,,,
Check,new,artwork,Vector,font,fontDesign,fontart,type,typeface,alphabet,alphabetDesign,abc,letters,cyrillic,Russian,GraphicDesign,Design,Shutterstock,,,,,,,,,,,,,,,,
Check,new,artwork,Vector,font,fontDesign,fontart,type,typeface,alphabet,alphabetDesign,abc,letters,cyrillic,Russian,GraphicDesign,Design,Shutterstock,,,,,,,,,,,,,,,,
Check,new,artwork,Vector,font,fontDesign,fontart,type,typeface,alphabet,alphabetDesign,abc,letters,cyrillic,Russian,GraphicDesign,Design,Shutterstock,,,,,,,,,,,,,,,,
Check,new,artwork,Vector,font,fontDesign,fontart,type,typeface,alphabet,alphabetDesign,abc,letters,cyrillic,Russian,GraphicDesign,Design,Shutterstock,,,,,,,,,,,,,,,,
Check,new,artwork,Vector,font,fontDesign,fontart,type,typeface,alphabet,alphabetDesign,abc,letters,cyrillic,Russian,GraphicDesign,Design,Shutterstock,,,,,,,,,,,,,,,,
Tech,giants,face,probe,deals,going,back,decade,Amazon,Apple,Alphabet,Facebook,Microsoft,facing,fresh,scrutiny,FTC,whether,stifled,competition,buying,smaller,rivals,GRAPH,How,Tech,Giants,Have,Grown,technology,,,,
Alphabet,CEO,backs,temporary,ban,facialrecognition,Microsoft,disagrees,,,,,,,,,,,,,,,,,,,,,,,,,,
BBC,News,Tech,giants,face,probe,deals,going,back,decade,Long,overdue,Take,limit,realDonaldTrump,feeling,oats,Amazon,Apple,Alphabet,Facebook,Microsoft,,,,,,,,,,,,
Dow,Jones,Futures,Did,The,FTC,Big,Tech,Probe,Do,The,Stock,Market,Rally,A,Favor,Shopify,Earnings,On,Tap,via,IBDinvestors,FTCProbe,BigTech,StockMarket,Business,Apple,Amazon,Facebook,Microsoft,Alphabet,InvestorsBusinessDaily,,
Over,850,pages,writingpractice,tracing,dottodot,color,worksheet,alphabet,numbers,kindergarten,preschool,homeschool,letternumberrecognition,educationalprintables,Etsy,,,,,,,,,,,,,,,,,,
Yesss,16,GB,RAM,OnePlus,listening,The,Samsung,Galaxy,S20,Ultra,first,phone,whopping,16GB,RAM,galaxys20,samsunggalaxy,ram,16gbram,google,alphabet,ceo,sundarpichai,larrypage,schmidt,apple,timcook,stevejobs,micro,,,,
FTC,Examine,Past,Acquisitions,Large,Technology,Companies,Agency,Issues,6,b,Orders,Alphabet,Inc,Amazon,Inc,Apple,Inc,Facebook,Inc,Google,Inc,Microsoft,Corp,antitrust,,,,,,,,,
In,note,excess,free,time,I,created,alphabet,,,,,,,,,,,,,,,,,,,,,,,,,,
Q,What,jellybeans,keys,lemons,common,A,They,star,todays,video,kidsvideos,jkl,abcsong,alphabet,abcdef,kidsyoutubechannel,kidspacestudios,kidspace,,,,,,,,,,,,,,,
3,new,A,One,Samsung,Galaxy,A11,back,panel,leaks,triple,camera,revealed,triplecamera,google,alphabet,ceo,galaxya11,a11,sundarpichai,larrypage,schmidt,apple,timcook,stevejobs,microsoft,billgates,satyanadela,samsung,oneplus,h,,,
FTC,Seeks,Information,From,Big,Tech,Companies,Mergers,From,2010,2019,ftc,alphabet,amazon,apple,facebook,google,,,,,,,,,,,,,,,,,
lforladybird,Another,letter,finished,myfavouritethings,alphabetsampler,bothythreads,crossstitch,crossstitchersofinstagram,alphabet,mindfulness,keepingmyhandsbusy,lovecrossstitch,,,,,,,,,,,,,,,,,,,,,
The,US,Federal,Trade,Commission,expanded,investigation,big,tech,companies,The,agency,ordered,Alphabet,Amazon,Apple,Facebook,Microsoft,provide,detailed,information,takeover,smaller,companies,2010,2019,3,13,,,,,,
The,US,Federal,Trade,Commission,expanded,investigation,big,tech,companies,The,agency,ordered,Alphabet,Amazon,Apple,Facebook,Microsoft,provide,detailed,information,takeover,smaller,companies,2010,2019,3,13,,,,,,
The,Federal,Trade,Commission,said,Tuesday,ordered,Amazon,Apple,Facebook,Googles,parent,company,Alphabet,Microsoft,turn,information,past,acquisitions,broadening,review,power,big,tech,companies,,,,,,,,,
First,Glimpse,At,Google,Cloud,Performance,And,Strategy,Alphabet,GoogleCloud,GCP,cloud,,,,,,,,,,,,,,,,,,,,,,
These,strokes,frak_one,therapeutic,Huge,fan,dry,textures,gives,lot,character,extra,energy,letterforms,calligraphy,lettering,alphabet,,,,,,,,,,,,,,,,,
Alphabet,relentlessly,investing,AI,made,inroads,urban,development,smart,city,planning,IoT,machine,learning,See,working,year,full,2020,AI,Trends,report,,,,,,,,,,,,
E,Energy,Alphabet,Series,Logo,Concept,WE,CREATE,TO,INSPIRE,alphabet,logo,conceptart,logos,brand,creative,art,artist,color,black,white,sixt6creation,love,instagood,summer,followme,follow,like4like,photooftheday,igdaily,master,,,
The,FTC,requested,decade,docs,Facebook,Google,Alphabet,Microsoft,Amazon,review,multiple,aspects,acquisitions,These,doc,requests,called,6,b,orders,function,like,subpoenas,,,,,,,,,,
kindergarten,enjoyed,practicing,alphabet,paintings,literacy,dwhiteatlanta,smrhayes,IBatBPA,,,,,,,,,,,,,,,,,,,,,,,,,
FTC,examine,every,acquisition,Alphabet,Amazon,Apple,Facebook,Microsoft,2010,2019,antitrust,issues,,,,,,,,,,,,,,,,,,,,,
Ever,wonder,revenues,top,tech,companies,breaks,service,offering,This,great,visualization,breaking,famous,tech,brands,amazon,Facebook,apple,microsoft,alphabet,,,,,,,,,,,,,
The,FTC,demanding,detailed,information,Facebook,Amazon,Apple,Microsoft,Googles,parent,Alphabet,Inc,acquisitions,back,2010,tech,,,,,,,,,,,,,,,,,
FTC,examine,every,acquisition,Alphabet,Amazon,Apple,Facebook,Microsoft,2010,2019,antitrust,issues,reports,TechCrunch,via,techcrunch,,,,,,,,,,,,,,,,,
Games,activities,kids,learn,phonetics,sounds,Learningmole,English,alphabet,letters,education,phonics,,,,,,,,,,,,,,,,,,,,,,
FTC,Orders,Alphabet,Amazon,Apple,Facebook,Google,Microsoft,Bring,Data,About,Past,Acquisitions,Alphabet,Google,Microsoft,Apple,Facebook,,,,,,,,,,,,,,,,
alphabet,amazon,antitrust,apple,facebook,The,FTC,opened,investigation,Facebook,Google,acquisitions,,,,,,,,,,,,,,,,,,,,,,
No,Ogs,attach,Snogs,Rads,HappyInventorsDay,invention,inverntor,inventorsday,nationalinventorsday,ideas,childrendesigners,childrenartists,worldinventorsday,kids,alphabet,alphabetdrawings,elearning,educational,dragons,art,,,,,,,,,,,,,
LED,Alphabets,ledalphabets,alphabet,led,homedecor,onlineshopping,skcollection,,,,,,,,,,,,,,,,,,,,,,,,,,
Write,name,stitches,Cross,Stitch,Writer,sign,precious,cross,stitch,project,alphabet,hoopart,lettering,quote,Take,look,xstitch,xst,stitching,kruissteek,kreuzstitch,pointdecroix,hoopart,,,,,,,,,,
On,drive,daycare,morning,practicing,alphabet,4yo,Mom,forgot,B,Me,No,Remember,I,said,bum,What,else,starts,B,4yo,Butt,crack,Me,Really,4yo,giggles,momlife,parenting,alphabet,,,,
reading,alphabet,Kid,Gravitational,Experiment,Toy,,,,,,,,,,,,,,,,,,,,,,,,,,,,
Want,recap,English,alphabet,letters,A,Z,If,check,YouTube,series,titled,One,Minute,Alphabet,better,understand,26,letters,English,alphabet,including,example,words,sentences,letter,sounds,Link,,,,,,
Key,AI,companies,Google,Alphabet,AI,futureteknow,innovation,innovationhub,socialinnovation,informationtechnology,newtechnology,technologynews,technology,,,,,,,,,,,,,,,,,,,,
W,O,N,M,A,equal,W,O,M,A,N,arrangement,alphabet,Or,letters,So,olamide_YBNL,Just,makes,another,hidden,wonderful,unforeseen,revelation,real,,,,,,,,,
You,sign,freetrade,Its,app,investing,stock,market,fees,Plus,sign,get,free,mystery,share,freetrade,stocks,shares,invest,tesla,apple,microsoft,facebook,alphabet,amazon,,,,,,,,,
Googles,head,HR,Eileen,Naughton,quits,amid,employee,tensions,google,alphabet,people,eileen,naughton,hr,protests,technews,insidetechworld,technology,,,,,,,,,,,,,,,
Sidewalk,Labs,proposes,35,storey,timber,building,exoskeleton,instead,structural,core,Waterfront,Toronto,decision,Quayside,realisation,May,20,Alphabet,SidewalkLabs,,,,,,,,,,,,,,
Alphabet,CEO,Sundar,Pichai,Maps,AI,Ads,Ambient,Navigation,gt,Great,read,future,GoogleMaps,leveraging,MachineLearning,AugmentedReality,,,,,,,,,,,,,,,,,
Looks,like,DO,269,still,popular,thing,express,self,adhesive,lettering,sayitwithletters,shopping,diy,lettering,alphabet,signage,,,,,,,,,,,,,,,,,
What,decoding,CVC,words,phonics,Learningmole,phonics,alphabet,education,letters,,,,,,,,,,,,,,,,,,,,,,,,
appleinsider,Search,giant,Google,continuing,absorb,split,form,Alphabet,taken,back,branch,designed,combat,online,misinformation,called,Jigsaw,,,,,,,,,,,,,,,,
Search,giant,Google,continuing,absorb,split,form,Alphabet,taken,back,branch,designed,combat,online,misinformation,called,Jigsaw,,,,,,,,,,,,,,,,,
Googles,head,human,resources,stepping,alphabet,eileen_naughton,,,,,,,,,,,,,,,,,,,,,,,,,,,
Bold,strong,font,modern,3d,alphabet,red,isometric,text,effect,red,bold,clean,strong,white,isometric,alphabet,modern,typo,logo,logotype,,,,,,,,,,,,,
Rose,Gold,Alphabet,Font,Custom,Type,rose,pink,metal,alphabet,gold,labels,poster,classic,show,banner,web,,,,,,,,,,,,,,,,,
Search,giant,Google,continuing,absorb,split,form,Alphabet,taken,back,branch,designed,combat,online,misinformation,called,Jigsaw,,,,,,,,,,,,,,,,,
How,pretty,reading,alphabet,,,,,,,,,,,,,,,,,,,,,,,,,,,,,,
Apple,Microsoft,Alphabet,Amazon,Facebook,account,18,S,amp,P,500,index,market,value,S,amp,P,marketvalue,finance,stocks,Xbond49,TheRudinGroup,thepsironi,UrsBolt,SusanneChishti,fklivestolearn,,,,,,,,
Radiant,little,one,fun,colouring,reliable,rabbit,R,rabbit,Alphabet,iChildActivity,iChild,,,,,,,,,,,,,,,,,,,,,,
This,intense,bright,painting,anthonyscarzafava,another,artist,exhibinting,clioartfair,March,Red,yellow,alphabet,colors,words,Always,good,combination,communicate,ClioArtFair2020,ClioartfairMarch2020,IndependentArtist,,,,,,,,,,,,
Thank,IvanaAnemon,following,us,way,Alphabetville,says,Emmie,FaMouse,Illustrated,Animal,Alphabet,paintings,,,,,,,,,,,,,,,,,,,,,
Vestas,Wind,Systems,A,S,shopping,new,buyer,12,5,stake,Africas,largest,wind,farm,agreement,Alphabet,Inc,unit,potential,purchase,canceled,LakeTurkanaWindPower,Alphabet,,,,,,,,,,
Alphabet,Google,parent,company,use,artificial,intelligence,AI,analyse,data,sensors,Internet,Things,IoT,devices,dominate,smart,city,contracts,next,decade,Alphabet,Google,AI,IoT,smartcity,data,sensors,,,,,,
The,great,challenges,Internet,innovation,majorly,moved,stack,CloudComputing,infrastructure,displacing,Internet,infrastructure,consolidation,cloud,economy,3,companies,Google,AWS,MicrosoftAzure,Alphabet,,,,,,,,,,,,
reading,alphabet,Wooden,Ferris,Wheel,Model,Building,Set,,,,,,,,,,,,,,,,,,,,,,,,,,
Share,find,terrific,reading,alphabet,,,,,,,,,,,,,,,,,,,,,,,,,,,,,
drawing,f4f,toy,reading,alphabet,instatoddler,Creative,Colorful,Sticks,Building,Blocks,Set,,,,,,,,,,,,,,,,,,,,,,
DigitalChamber,TC,Alphabet,EileenNaughton,Google,Googles,head,human,resources,stepping,,,,,,,,,,,,,,,,,,,,,,,,
Check,new,artwork,Vector,letters,monogram,alphabet,logodesign,font,fontDesign,symbols,GraphicDesign,Design,Shutterstock,,,,,,,,,,,,,,,,,,,,
Check,new,artwork,Vector,letters,monogram,alphabet,logodesign,font,fontDesign,symbols,GraphicDesign,Design,Shutterstock,,,,,,,,,,,,,,,,,,,,
Check,new,artwork,Vector,letters,monogram,alphabet,logodesign,font,fontDesign,symbols,GraphicDesign,Design,Shutterstock,,,,,,,,,,,,,,,,,,,,
Check,new,artwork,Vector,letters,monogram,alphabet,logodesign,font,fontDesign,symbols,GraphicDesign,Design,Shutterstock,,,,,,,,,,,,,,,,,,,,
Check,new,artwork,Vector,letters,monogram,alphabet,logodesign,font,fontDesign,symbols,GraphicDesign,Design,Shutterstock,,,,,,,,,,,,,,,,,,,,
Try,learning,Alphabet,using,iPad,The,Alphabet,Book,ABC,iBooks,,,,,,,,,,,,,,,,,,,,,,,,
How,write,letter,Learningmole,education,English,alphabet,letters,phonics,,,,,,,,,,,,,,,,,,,,,,,,,
reading,alphabet,ABS,Plastic,Building,Blocks,DIY,Garden,Tree,Kids,,,,,,,,,,,,,,,,,,,,,,,,
Google,Swallows,Another,Alphabet,Unit,Jigsaw,Those,changes,along,departures,Google,co,founders,LarryPage,SergeyBrin,architects,Alphabet,prompted,speculation,future,holding,company,,,,,,,,,,,,
Tricky,words,activities,kids,could,write,Learningmole,education,phonics,alphabet,,,,,,,,,,,,,,,,,,,,,,,,
Amazon,shares,rose,2,63,reach,record,high,leading,Alphabet,Netflix,higher,pushing,Nasdaq,time,high,physics,tech,SpaceX,business,stocks,investing,NASA,ElonMusk,JeffBezos,Finance,BlueOrigin,Hubble,TSLA,,,,,
And,cant,roid,anymore,Android,Phones,Now,Harder,Crack,iPhones,Forensics,Detectives,google,alphabet,ceo,sundarpichai,larrypage,schmidt,apple,timcook,stevejobs,microsoft,billgates,satyanadela,samsung,oneplus,huawei,xiaomi,,,,,,
Great,memories,driving,round,BrandsHatch,amp,MRGOLDIE,amp,Bjrk,honoured,sponsor,Podium,proud,EarlofBedlam,poleposition,winner,organic,tshirt,graphictee,lime,monogram,alphabet,needforspeed,fast,howthebestliketodress,,,,,,,,,
drawing,f4f,toy,reading,alphabet,instatoddler,Cute,Smart,Robot,Dog,,,,,,,,,,,,,,,,,,,,,,,,
Companies,Trillion,Dollar,Club,1,Apple,1,397,Market,Cap,2,Microsoft,1,275,Market,Cap,3,alphabet,1,021,Market,Cap,4,Amazon,0,925,Market,Cap,Join,chat,,,,
That,time,I,drew,alphabet,drawing,inkdrawing,alphabet,typography,Robotic,artwork,,,,,,,,,,,,,,,,,,,,,,,
At,JPMorgan,Healthcare,Conference,Saleforce,tech,leaders,like,Alphabet,Google,helped,demonstrate,SaaS,AI,help,improve,healthcare,delivery,reduce,expenses,patients,providers,,,,,,,,,,,,
Aussie,shares,set,open,higher,taking,direction,WallSt,positive,start,week,Gains,Amazon,Microsoft,Alphabet,shares,among,top,rallies,boost,SP500,Nasdaq,Local,data,Housing,finance,December,NAB,business,survey,RZI,,,
Animalphabet,Heres,C,cat,Im,giving,away,PDFs,initials,coloring,sheets,Patreon,download,Kindlebooks,free,alphabet,cats,Caturday,,,,,,,,,,,,,,,,
Letter,C,Car,Theme,Tot,School,Preschool,alphabet,totschool,,,,,,,,,,,,,,,,,,,,,,,,,
Alphabet,joined,Apple,Microsoft,1,trillion,club,Link,bio,Alphabet,hit,milestone,Thursday,rally,stock,took,1,trillion,valuation,first,,,,,,,,,,,,,,
D,Dog,Alphabet,Series,Logo,Concept,WE,CREATE,TO,INSPIRE,alphabet,logo,conceptart,logos,brand,creative,art,artist,color,black,white,sixt6creation,love,instagood,summer,followme,follow,like4like,photooftheday,,,,,
Facebook,Stock,Rises,Despite,Elon,Musks,Tweet,DeleteFacebook,SaudiAramco,Apple,Microsoft,Alphabet,Amazon,Facebook,Alibaba,BerkshireHathway,VISA,JPMorgan,entrepreneur,coinbase,xrp,binance,ripple,invest,forextrader,altcoin,ElonMusk,,,,,,,
Digital,Banking,Startup,Targets,UK,License,Serve,Crypto,Firms,SaudiAramco,Apple,Microsoft,Alphabet,Amazon,Facebook,Alibaba,BerkshireHathway,VISA,JPMorgan,entrepreneur,coinbase,xrp,binance,ripple,revolut,n26,digitalbanking,banking,,,,,,
Alphabets,revenue,grew,39,3,billion,2018,46,1,billion,2019,YouTubes,advertising,heft,made,clear,today,video,platform,bringing,15,1,Billion,2019,revenue,11,2,Billion,2018,google,report,,,
Alphabet,February,Each,day,different,letter,onomatopoeiac,alphabet,I,created,O,unbelievable,weather,right,Etsy,link,bio,alphabet,alphabetart,onomatopoeia,,,,,,,,,,,,,,
Google,says,accidentally,sent,users,private,videos,strangers,google,googletakeout,googlephotos,alphabet,databreach,dataprivacy,privacy,,,,,,,,,,,,,,,,,,,
Letter,D,Dinosaur,Theme,Tot,School,Preschool,alphabet,totschool,,,,,,,,,,,,,,,,,,,,,,,,,
Our,skn,themed,Flash,cards,2,sided,mmf,Alphabet,siggyrawcyr,pommeindapeg,zaellyrose,,,,,,,,,,,,,,,,,,,,,,
FREE,LETTER,BOOKS,OF,SONGS,AND,RHYMES,Print,little,book,songs,rhymes,letter,alphabet,Such,great,way,teach,letter,recognition,nursery,rhymes,,,,,,,,,,,,
Living,love,alphabet,trays,vday,sale,30,code,XO30,gifts,home,design,Greenwich,Village,,,,,,,,,,,,,,,,,,,,
Companies,Trillion,Dolar,Club,Comparing,Apple,Microsoft,Amazon,Alphabet,key,metrics,,,,,,,,,,,,,,,,,,,,,,,
I,suppose,one,way,learn,letters,By,throwing,magnetic,letter,cards,magnetic,white,board,hoping,stick,alphabet,I,hope,information,sticks,better,letters,,,,,,,,,,,
love,beautiful,clever,infographic,lovelanguage,alphabet,bemine,loveday,vday2020,valentines,,,,,,,,,,,,,,,,,,,,,,,,
FILE,I,A,amp,2,C,file,coding,frankfurt,stadtplanung,script,brownian,alphabet,inkonpaper,asemic,asemicwriting,concreteart,concretepoetry,englishpoetry,vispo,visualpoetry,,,,,,,,,,,,,
How,teach,kids,write,English,alphabet,letters,ABC,Learningmole,alphabet,,,,,,,,,,,,,,,,,,,,,,,,
For,crafters,Wooden,Hebrew,Alphabet,Crafting,Letters,3,5,mm,Set,54,letters,supplies,alphabet,craftshape,woodenletters,woodenalphabetsets,hebrewAlphabet,blanks,hebrewLetters,hebrewName,,,,,,,,,,,,
Letter,O,Owl,Theme,Tot,School,Preschool,alphabet,totschool,,,,,,,,,,,,,,,,,,,,,,,,,
traders,investors,tip,Never,underestimate,possibility,improbable,Case,point,idea,alphabet,buys,tesla,mentioned,forbes,intowin,,,,,,,,,,,,,,,,,,
Try,words,cross,stitch,Cross,Stitch,Writing,Tool,alphabet,hoopart,lettering,quote,Enjoy,xstitch,xst,stitching,kruissteek,kreuzstitch,pointdecroix,hoopart,,,,,,,,,,,,,,
Privacy,Advocacy,Groups,Scare,Facebook,amp,Google,google,alphabet,facebook,publicinterest,groups,digitaldemocracy,brookingsititute,lobbyists,privacy,security,,,,,,,,,,,,,,,,,
Forbes,Great,Speculations,contributor,group,posted,article,Monday,arguing,Google,parent,Alphabet,ticker,GOOGL,could,buy,Tesla,TSLA,The,price,paid,according,speculation,would,1,500,share,270,billion,Stock,Manipulation,SEC_Enforcement,,
MishkaFilm,davechopy,Sounds,like,franchise,bookies,targeting,dominant,male,customers,Alphabet,,,,,,,,,,,,,,,,,,,,,,,
Apple,Microsoft,Amazon,Alphabet,Which,Hits,2,Trillion,First,CloudWars,CloudComputing,Cloud,Apple,Microsoft,Amazon,Alphabet,,,,,,,,,,,,,,,,,,
THOUGHTS,WITHOUT,WORDS,NEVER,TO,HEAVEN,GO,Das,erste,Mal,stirbst,du,nur,im,Staub,hamlet,shakespeare,frankfurt,stadtplanung,script,brownian,alphabet,inkonpaper,asemic,,,,,,,,,,
Job,Day,CAD,Manager,Waymo,Find,discover,design,vacancies,Waymo,Ad,Jobs,DesignJobs,Design,Mobility,Waymo,Alphabet,CAD,DigitalDesign,DesignEngineer,DesignProducer,CDN,CarDesignNews,,,,,,,,,,,
Looks,like,analysts,reading,blogs,Suggesting,Tesla,buyout,1500,2030,value,1,5,trillion,trefis,forbes,TSLA,alphabet,google,,,,,,,,,,,,,,,
alphabet,Amazon,donaldtrump,elonmusk,Facebook,Stock,Rises,Despite,Elon,Musks,Tweet,Asking,DeleteFacebook,,,,,,,,,,,,,,,,,,,,,
Is,2020,turning,point,tech,giants,alphabet,Googles,company,announced,reached,trillion,dollar,valuation,This,4th,tech,company,world,right,Amazon,Apple,Microsoft,tech,trading,Alvexo,,,,,,,,
Citi,analyst,Jason,Bazinet,lifted,target,price,Google,parents,shares,1,700,1,500,repeating,Buy,rating,stock,GoogleCloud,Google,Alphabet,Anthos,GCP,GSuite,GoogleCloudPlatform,,,,,,,,,
Super,Effective,Program,Teaches,Children,Of,All,Ages,To,Read,Alphabet,ChildrensBooks,,,,,,,,,,,,,,,,,,,,,,
Google,Search,google,alphabet,technews,tech,digitaltransformation,,,,,,,,,,,,,,,,,,,,,,,,,,,
Alphabets,X,looks,beyond,SiliconValley,next,big,idea,,,,,,,,,,,,,,,,,,,,,,,,,,
Australia,battles,T20I,tri,series,final,victory,England,alphabet,abc,australia,abcaustralia,Property,PropertyInvestment,DavidQuinn,,,,,,,,,,,,,,,,,,,
Check,new,artwork,Vector,letters,monogram,alphabet,logodesign,font,fontDesign,symbols,GraphicDesign,Design,Shutterstock,,,,,,,,,,,,,,,,,,,,
Check,new,artwork,Vector,letters,monogram,alphabet,logodesign,font,fontDesign,symbols,GraphicDesign,Design,Shutterstock,,,,,,,,,,,,,,,,,,,,
Check,new,artwork,Vector,letters,monogram,alphabet,logodesign,font,fontDesign,symbols,GraphicDesign,Design,Shutterstock,,,,,,,,,,,,,,,,,,,,
Check,new,artwork,Vector,letters,monogram,alphabet,logodesign,font,fontDesign,symbols,GraphicDesign,Design,Shutterstock,,,,,,,,,,,,,,,,,,,,
Check,new,artwork,Vector,letters,monogram,alphabet,logodesign,font,fontDesign,symbols,GraphicDesign,Design,Shutterstock,,,,,,,,,,,,,,,,,,,,
Owning,Alphabet,Stock,For,The,Long,Term,GOOG,GOOGL,,,,,,,,,,,,,,,,,,,,,,,,,
reading,alphabet,Colorful,Educational,Foam,Play,Mat,Tiles,Set,,,,,,,,,,,,,,,,,,,,,,,,,
Alphabet,X,looks,beyond,SiliconValley,next,big,idea,The,Financial,Times,via,nuzzel,NewLab,MoonShots,,,,,,,,,,,,,,,,,,,
Ian,Thorpe,says,time,Olympians,dive,support,bushfire,relief,alphabet,abc,australia,abcaustralia,Property,PropertyInvestment,DavidQuinn,,,,,,,,,,,,,,,,,,
Do,want,learn,Korean,Learning,Korean,starts,reading,Korean,Alphabet,,,,,,,,,,,,,,,,,,,,,,,,
Alphabet,series,W,Phonetic,code,whiskey,w,alphabet,,,,,,,,,,,,,,,,,,,,,,,,,,
Letter,O,words,emojis,NEW,Oden,Oman,Onion,Orangutan,Otter,Oyster,Alphabet,AlphabetEmojis,LetterO,O,,,,,,,,,,,,,,,,,,,
Letter,N,words,emojis,NEW,Nazar,Newspaper,North,Korea,Alphabet,AlphabetEmojis,LetterN,N,,,,,,,,,,,,,,,,,,,,,
Alston,Alphabet,Lucan,Alphabet,Original,Antique,magazine,print,1838,6,alphabet,,,,,,,,,,,,,,,,,,,,,,,
Coloring,educational,shapes,alphabet,kids,preschool,kindergarten,homeschool,coloringworksheets,learningthroughart,printable,Etsy,,,,,,,,,,,,,,,,,,,,,,
Phoenician,Alphabet,Linguistics,Cryptography,Mug,phoenicianalphabet,linguistics,cryptography,cryptographer,linguist,alphabet,language,geek,Ancientalphabet,Phoenicia,,,,,,,,,,,,,,,,,,,
Alphabet,February,Each,day,different,letter,onomatopoeiac,alphabet,I,created,S,Sunday,feels,Etsy,link,bio,alphabet,alphabetart,onomatopoeia,illustration,bespoke,,,,,,,,,,,,,
C,Camera,Alphabet,Series,Logo,Concept,WE,CREATE,TO,INSPIRE,alphabet,logo,conceptart,logos,brand,creative,art,artist,color,black,white,sixt6creation,love,instagood,summer,followme,follow,like4like,,,,,,
Alphabet,Loon,SoftBank,HAPSMobile,turn,solar,powered,drones,flying,cell,towers,MOBILE,internet,provider,via,techcrunch,mobile,InternetOfThings,drones,solarpower,,,,,,,,,,,,,,
Alphabets,Jigsaw,subsidiary,revealed,new,tool,called,Assembler,thats,intended,help,journalists,easily,spot,deepfakes,manipulated,images,disinformation,,,,,,,,,,,,,,,,
Cadillac,Brings,Self,Driving,Smarts,New,Escalade,Autonomous,selfdriving,uber,lyft,carsharing,lidar,radar,processor,smartcity,smartcar,gigeconomy,waymo,google,alphabet,iot,robot,insurance,,,,,,,,,,
Why,I,get,feeling,AmitAgarwal,join,guys,leading,amazon,sundarpichai,overall,Alphabet,CEO,Google,Also,many,companies,US,companies,HQ,US,A,proud,moment,Indians,nevertheless,The,diaspora,flourishing,,,,,
Learning,ABC,English,words,Learningmole,English,alphabet,,,,,,,,,,,,,,,,,,,,,,,,,,,
Larry,Page,amp,I,checking,art,Google,Alphabet,Computershare,,,,,,,,,,,,,,,,,,,,,,,,,
Check,new,artwork,Vector,letters,monogram,alphabet,logodesign,font,fontDesign,symbols,GraphicDesign,Design,Shutterstock,,,,,,,,,,,,,,,,,,,,
Alphabet,reveals,YouTube,revenues,subscription,figures,alphabet,youtube,,,,,,,,,,,,,,,,,,,,,,,,,,
Check,new,artwork,Vector,letters,monogram,alphabet,logodesign,font,fontDesign,symbols,GraphicDesign,Design,Shutterstock,,,,,,,,,,,,,,,,,,,,
Check,new,artwork,Vector,letters,monogram,alphabet,logodesign,font,fontDesign,symbols,GraphicDesign,Design,Shutterstock,,,,,,,,,,,,,,,,,,,,
Check,new,artwork,Vector,letters,monogram,alphabet,logodesign,font,fontDesign,symbols,GraphicDesign,Design,Shutterstock,,,,,,,,,,,,,,,,,,,,
Check,new,artwork,Vector,letters,monogram,alphabet,logodesign,font,fontDesign,symbols,GraphicDesign,Design,Shutterstock,,,,,,,,,,,,,,,,,,,,
Each,alphabet,name,corresponds,number,Each,number,describes,certain,range,energies,,,,,,,,,,,,,,,,,,,,,,,
How,write,letter,n,Learningmole,homeschooling,education,alphabet,letters,kids,,,,,,,,,,,,,,,,,,,,,,,,
Make,hoopart,Stitchpoint,Cross,Stitch,Alphabet,Tool,alphabet,hoopart,lettering,quote,Take,look,xstitch,xst,stitching,kruissteek,kreuzstitch,pointdecroix,hoopart,,,,,,,,,,,,,,
various,letter,initial,scented,wardrobe,draw,door,hanger,pink,back,3,amp,76p,pp,Alphabet,Scented,via,eBay_UK,,,,,,,,,,,,,,,,
How,pretty,reading,alphabet,,,,,,,,,,,,,,,,,,,,,,,,,,,,,,
H,Hans,hankering,hip,shaking,Yeah,getting,really,creative,verbs,lol,He,really,feeling,animalcrossing,animalcrossingnewleaf,acnl,animalcrossingnewhorizons,acnh,alphabet,nintendo,,,,,,,,,,,,,
alphabet,Reports,Mixed,Results,investing,Equities,Google,earnings,,,,,,,,,,,,,,,,,,,,,,,,,,
Smilenewa,Thank,Pauline,lovely,sweet,Retweet,says,Emmie,FaMouse,Illustrated,Alphabet,AnimalsatWork,Alphabetville,,,,,,,,,,,,,,,,,,,,,
Pronouncing,Korean,difficult,Korean,Alphabet,,,,,,,,,,,,,,,,,,,,,,,,,,,,,
The,Golden,Moon,Shot,Tag,UseKiyaKya,MyDuty,Google,Microsoft,Facebook,Twitter,LinkedIn,instagram,paytm,Nokia,MyTech,MyTeam,googleads,searchengineoptimization,desruption,alphabet,apple,amazon,,,,,,,,,,,
How,write,letter,e,phonics,Learningmole,English,alphabet,letters,,,,,,,,,,,,,,,,,,,,,,,,,
Letter,F,Frog,Theme,Tot,School,Preschool,alphabet,totschool,,,,,,,,,,,,,,,,,,,,,,,,,
I,idea,place,It,certainly,raises,questions,valid,everyone,everywhere,AI,Drones,Alphabet,US,Mexico,BorderWall,,,,,,,,,,,,,,,,,,
Cloud,giants,reveal,first,quarterly,earnings,gt,gt,Alphabet,Amazon,IBM,Microsoft,Oracle,,,,,,,,,,,,,,,,,,,,,
BreakingNews,And,speaking,Latin,alphabet,alphabet,Euboean,Greeks,colonized,Italy,greekLangDay,LNA,brexitcelebration,Syria,Libya,SONDAKKA,,,,,,,,,,,,,,,,,,
Each,us,alphabet,create,poetry,Have,ever,wondered,evolution,alphabet,Click,link,know,evolution,English,alphabet,evolution,KCGCollege,KCGtechnology,openculture,,,,,,,,,,,,,,
The,1,trillion,tech,club,makes,17,S,amp,P,500s,total,market,value,Apple,Alphabet,Amazon,Microsoft,,,,,,,,,,,,,,,,
Don,twist,criticism,AFLW,justify,prejudices,alphabet,abc,australia,abcaustralia,Property,PropertyInvestment,DavidQuinn,,,,,,,,,,,,,,,,,,,,,
Google,expansion,plans,show,Canada,tech,boom,stay,google,GOOG,GOOGL,alphabet,TechNews,tech,google,digitaltransformation,,,,,,,,,,,,,,,,,,
