,date,tweet,sentiment,emoti_score,num_hashtags,num_targets,num_urls,num_negations,num_newlines,num_ext_pos_emo,num_ext_neg_emo,num_pos_emo,num_neg_emo,num_pos_exclam,num_neg_exclam,num_pos_cap,num_neg_cap,num_pos_words,num_neg_words,num_JJ,num_RB,num_VB,num_NN,num_pos_JJ,num_pos_RB,num_pos_VB,num_pos_NN,num_neg_JJ,num_neg_RB,num_neg_VB,num_neg_NN,total_score_JJ,total_score_RB,total_score_VB,total_score_NN
0,2019-02-06 18:59:21,The top three 5G stocks to buy right now FB AMZN NFLX AAPL BABA TSLA CGC TLRY DIS EA CMG NVDA GOOGL BTC DIS,0.39285714285714285,0,0,0,1,1,0,0,0,0,0,0,0,0,0,2,0,2,0,2,2,2,0,0,0,0,0,0,0,0.7857142857142857,0.0,0.0,0.0
4,2019-02-06 18:39:46,Traders Buy Shares of Alphabet GOOGL on Weakness Following Analyst Downgrade ,0.0,0,0,0,0,0,0,0,0,0,0,0,0,0,0,0,0,0,0,0,6,0,0,0,0,0,0,0,0,0.0,0.0,0.0,0.0
5,2019-02-06 18:37:24, googl for 2 day 7 day swing twtr cuz I kept pressing buttons,0.0,0,0,0,0,0,0,0,0,0,0,0,0,0,0,0,0,0,1,0,4,0,0,0,0,0,0,0,0,0.0,0.0,0.0,0.0
6,2019-02-06 18:34:54, We had a bit of a red day yesterday with SPX SPY down 0 22 and NDX QQQ 0 37 The tech sector was hit worse then other stocks with FANG all down FB 0 39 AMZN 1 12 NFLX 1 02 GOOGL 2 52 The VIX went down 1 22 ,-0.07023809523809524,-2,0,0,1,0,0,0,1,0,0,0,0,0,0,1,5,3,5,0,6,0,0,0,0,1,3,0,0,-0.125,-0.4666666666666668,0.0,0.0
7,2019-02-06 18:30:09,ACTIVE TRADERS Try one of these FREE trading guides NFLX TSLA AAPL IBB GS FB AMZN GOOGL NVDA,0.2555555555555556,0,0,0,0,0,0,0,0,0,0,0,0,1,1,2,1,0,0,0,6,0,0,0,1,0,0,0,1,0.0,0.0,0.0,0.3666666666666667
14,2019-02-06 17:51:22,How the heck did I miss CMG last December I got ba lmt msft googl at on fireworks sale in December and missed CMG 80 OF Americans are fat so double down on cmg md 1 ,-0.051851851851851864,0,0,0,0,0,0,0,0,0,0,0,0,0,0,0,1,2,2,0,8,0,0,0,0,0,0,0,0,0.0,0.0,0.0,0.0
15,2019-02-06 17:46:34,Gravity Points Loom Large In A Market Poised To Move SPX SPY VIX XLF TNX GOOGL AMZN DIS ,0.45714285714285713,0,0,0,1,0,0,0,0,0,0,0,0,1,0,2,0,1,0,0,3,1,0,0,0,0,0,0,0,0.7,0.0,0.0,0.0
19,2019-02-06 17:30:11,ACTIVE TRADERS Try one of these FREE trading guides NFLX TSLA AAPL JWN GS FB AMZN GOOGL NVDA,0.2555555555555556,0,0,0,0,0,0,0,0,0,0,0,0,1,1,2,1,0,0,0,6,0,0,0,1,0,0,0,1,0.0,0.0,0.0,0.3666666666666667
20,2019-02-06 17:29:09,Feb 06 Wednesday GOOGL closed 1 122 89,-0.1,0,0,0,0,0,0,0,0,0,0,0,0,0,0,0,1,0,0,0,0,0,0,0,0,0,0,0,0,0.0,0.0,0.0,0.0
21,2019-02-06 17:26:28,Microsoft Build 2019 is set for May Will we hear more about Windows Core OS Microsoft Build 2018 is officially set for May in Seattle where it s expected to discuss what s next across its various products and platforms It arrives in the same week and overlaps with Googl ,0.08,1,0,0,0,0,0,0,0,1,0,0,0,0,0,1,1,3,1,1,1,0,0,0,0,0,0,0,0,0.0,0.0,0.0,0.0
22,2019-02-06 17:24:02,Sounds like Canto pronouciation Googl e ,0.0,0,0,0,0,1,0,0,0,0,0,0,0,0,0,0,0,0,0,0,2,0,0,0,0,0,0,0,0,0.0,0.0,0.0,0.0
23,2019-02-06 17:21:51,Hi Raoul are you still bearish on GOOGL Just curious if you still were after recent earnings or was that merely a macro advertizing call ,-0.19999999999999998,0,0,0,0,0,0,0,0,0,0,0,0,0,0,0,2,2,3,1,2,0,0,0,0,1,1,0,0,-0.1,-0.5,0.0,0.0
25,2019-02-06 17:04:11,Alphabet Inc Google Class A GOOGL price at close 2019 02 06 is 1120 87 ,0.0,0,0,0,0,0,0,0,0,0,0,0,0,0,0,0,0,1,0,0,2,0,0,0,0,0,0,0,0,0.0,0.0,0.0,0.0
27,2019-02-06 17:02:58,Alphabet Inc Google Class A GOOGL price at close 2019 02 06 is 1120 87 ,0.0,0,0,0,0,0,0,0,0,0,0,0,0,0,0,0,0,1,0,0,1,0,0,0,0,0,0,0,0,0.0,0.0,0.0,0.0
29,2019-02-06 17:00:46,Don t miss our next FREE OPTION TRADE Sign up for our Daily Free Trades at NVDA TSLA GS REGN BAC GOOGL FB,0.26,0,0,0,0,0,0,0,0,0,0,0,0,2,0,3,0,1,0,1,5,0,0,0,1,0,0,0,0,0.0,0.0,0.0,0.5
30,2019-02-06 16:55:13,Lol no _snipper wants a paid service but places you in bad trades Amzn Googl 2 right there Gl,0.14642857142857146,0,0,0,0,1,0,0,0,0,0,0,0,1,0,3,1,2,2,0,1,0,1,0,0,1,0,0,0,-0.6999999999999998,0.2857142857142857,0.0,0.0
32,2019-02-06 16:46:14,S P 500 Halts Win Streak As Stock Market Takes A Breather Investor s Business Daily GOOGL MCHP EA,0.43333333333333335,2,0,0,0,0,0,1,0,0,0,0,0,1,0,2,0,0,0,0,5,0,0,0,1,0,0,0,0,0.0,0.0,0.0,0.5
33,2019-02-06 16:44:17,The Top 10 Trends in Digital Media 2019 AMZN GOOGL FB ,0.3333333333333333,0,0,0,1,0,0,0,0,0,0,0,0,1,0,2,0,1,0,0,2,1,0,0,1,0,0,0,0,0.5,0.0,0.0,0.5
34,2019-02-06 16:42:01,The Top 10 Trends in Digital Media 2019 AMZN GOOGL FB ,0.3333333333333333,0,0,0,1,0,0,0,0,0,0,0,0,1,0,2,0,1,0,0,2,1,0,0,1,0,0,0,0,0.5,0.0,0.0,0.5
35,2019-02-06 16:40:54,Read the truth about making money with stock options SPX SPY NDX QQQ 500 NTFLX AMZN FB GOOGL FANG VIX GS JPM BAC UBS,0.5,-2,0,0,1,0,0,0,1,0,0,0,0,0,0,1,0,0,1,2,3,0,0,1,0,0,0,0,0,0.0,0.0,0.5,0.0
37,2019-02-06 16:30:12,ACTIVE TRADERS Try one of these FREE trading guides NFLX TSLA AAPL BIDU GS FB AMZN GOOGL NVDA,0.2555555555555556,0,0,0,0,0,0,0,0,0,0,0,0,1,1,2,1,0,0,0,6,0,0,0,1,0,0,0,1,0.0,0.0,0.0,0.3666666666666667
42,2019-02-06 16:17:46,How smart is your fridge Smart appliances have built in sensors to tell consumers when to buy more groceries or even buy them automatically AMZN TGT GOOGL WMT GE ,0.30952380952380953,0,0,0,1,0,0,0,0,0,0,0,0,1,0,3,0,2,2,3,0,1,0,0,0,0,0,0,0,0.21428571428571427,0.0,0.0,0.0
43,2019-02-06 16:17:32,How smart is your fridge Smart appliances have built in sensors to tell consumers when to buy more groceries or even buy them automatically AMZN TGT GOOGL WMT GE ,0.30952380952380953,0,0,0,1,0,0,0,0,0,0,0,0,1,0,3,0,2,2,3,0,1,0,0,0,0,0,0,0,0.21428571428571427,0.0,0.0,0.0
44,2019-02-06 16:16:58,How smart is your fridge Smart appliances have built in sensors to tell consumers when to buy more groceries or even buy them automatically AMZN TGT GOOGL WMT GE ,0.30952380952380953,0,0,0,1,0,0,0,0,0,0,0,0,1,0,3,0,2,2,3,0,1,0,0,0,0,0,0,0,0.21428571428571427,0.0,0.0,0.0
45,2019-02-06 16:16:13,10 Things To Know How smart is your fridge Smart appliances have built in sensors to tell consumers when to buy more groceries or even buy them automatically AMZN TGT GOOGL WMT GE ,0.30952380952380953,0,0,0,1,1,0,0,0,0,0,0,0,1,0,3,0,2,2,4,0,1,0,0,0,0,0,0,0,0.21428571428571427,0.0,0.0,0.0
46,2019-02-06 16:13:42,How smart is your fridge Smart appliances have built in sensors to tell consumers when to buy more groceries or even buy them automatically AMZN TGT GOOGL WMT GE johnangel1977,0.30952380952380953,0,0,0,1,0,0,0,0,0,0,0,0,1,0,3,0,2,2,3,1,1,0,0,0,0,0,0,0,0.21428571428571427,0.0,0.0,0.0
47,2019-02-06 16:09:49, IRBT rocking weekly chart posted earlier in this thread 89 close allready 103 in AH on great earnings 110 calls 80 small GOOGL QQQ AAPl TSLA,0.18333333333333335,0,0,0,0,0,0,0,0,0,0,0,0,0,0,1,1,5,0,0,2,1,0,0,0,1,0,0,0,0.55,0.0,0.0,0.0
48,2019-02-06 16:07:27,2 I had thought the emergent Oasis like characteristics of Fortnite were happenstance luck but they are clearly part of a carefully considered plan And it doesn t sound like FB or GOOGL will be able to acquire Epic although 40 owner TCEHY does partially monetize via ads ,0.15,0,0,0,0,0,0,0,0,0,0,0,0,1,0,4,2,3,4,3,5,1,1,0,1,0,2,0,0,0.5,-0.09999999999999999,0.0,0.4
49,2019-02-06 16:06:02,Today s million dollar CALL trade AAPL AMZN CRON GM GOOGL ILMN MU TSLA BA DIS FDX F CACC ORCL SNAP SWKS ZEN MHK BABA NFLX ,0.0,-2,0,0,1,0,0,0,1,0,0,0,0,0,0,0,0,0,0,0,5,0,0,0,0,0,0,0,0,0.0,0.0,0.0,0.0
50,2019-02-06 16:05:28, googl HUGE red day h s came thru today as did 200ma resistance on SPX,0.20000000000000004,0,0,0,0,0,0,0,0,0,0,0,0,1,0,1,0,0,1,1,5,0,0,0,0,0,0,0,0,0.0,0.0,0.0,0.0
51,2019-02-06 16:05:05, GOOGL last minute volume 309k Averages about 2k min ,0.0,0,0,0,0,0,0,0,0,0,0,0,0,0,0,0,0,1,0,0,3,0,0,0,0,0,0,0,0,0.0,0.0,0.0,0.0
52,2019-02-06 16:00:58,251 Profit Packed Option Trades Yearly Delivered to Your Inbox Daily FREE BABA GOOGL TSLA BIDU,0.3,0,0,0,0,0,0,0,0,0,0,0,0,1,0,2,0,0,1,0,6,0,0,0,1,0,0,0,0,0.0,0.0,0.0,0.5
53,2019-02-06 16:00:00,Trading options for the Long Run Best Practice Guide in Position Sizing SPX QQQ SPY AAPL BA NVDA MU INTC AMZN GOOGL ROKU Link ,0.475,0,0,0,1,0,0,0,0,0,0,0,0,1,1,1,1,1,1,1,1,0,0,0,0,0,0,0,0,0.0,0.0,0.0,0.0
56,2019-02-06 15:51:48,bought GOOGL febr 1185 1 8 see how week unfolds ,0.0,0,0,0,0,0,0,0,0,0,0,0,0,0,0,0,0,0,0,0,3,0,0,0,0,0,0,0,0,0.0,0.0,0.0,0.0
58,2019-02-06 15:43:13,Spotify takes a big jump into the podcasting game GOOGL ,-0.2,0,0,0,0,1,0,0,0,0,0,0,0,0,0,0,1,2,0,0,10,0,0,0,0,0,0,0,1,0.0,0.0,0.0,-0.4
59,2019-02-06 15:38:21, NFLX 360 calls 1 3 GOOGL 1147 5 calls 1 75 allready long MMM 205 calls 15 chart and IRBT febr 110 calls 8 earnings ,-0.05,0,0,0,0,0,0,0,0,0,0,0,0,0,0,0,1,1,2,0,1,0,0,0,0,0,1,0,0,0.0,-0.05,0.0,0.0
61,2019-02-06 15:30:17,ACTIVE TRADERS Try one of these FREE trading guides NFLX TSLA AAPL PCLN GS FB AMZN GOOGL NVDA,0.2555555555555556,0,0,0,0,0,0,0,0,0,0,0,0,1,1,2,1,0,0,0,6,0,0,0,1,0,0,0,1,0.0,0.0,0.0,0.3666666666666667
62,2019-02-06 15:29:48,thank u googl I m going to eat a lot of olives now,0.0,0,0,0,0,1,0,0,0,0,0,0,0,0,0,0,0,0,0,2,2,0,0,0,0,0,0,0,0,0.0,0.0,0.0,0.0
66,2019-02-06 15:25:47,what did u think all this time i ve been actually counting GBYDGFGRRD no i just googl it,0.0,0,0,0,0,1,0,0,0,0,0,0,0,0,0,0,0,1,2,3,1,0,0,0,0,0,0,0,0,0.0,0.0,0.0,0.0
68,2019-02-06 15:23:16,GOOGL it was a joke ,0.0,0,0,0,0,0,0,0,0,0,0,0,0,0,0,0,0,0,0,1,1,0,0,0,0,0,0,0,0,0.0,0.0,0.0,0.0
71,2019-02-06 15:17:33, GOOGL historically traded in range of 12x 28x w avg of 19 6x standard deviation of 3 9x during past decade ,-0.08333333333333333,0,0,0,0,0,0,0,0,0,0,0,0,0,0,0,1,3,1,0,4,0,0,0,0,1,0,0,0,-0.25,0.0,0.0,0.0
72,2019-02-06 15:16:48, GOOGL reversing from this 1120 support ,0.0,0,0,0,0,0,0,0,0,0,0,0,0,0,0,0,0,0,0,0,1,0,0,0,0,0,0,0,0,0.0,0.0,0.0,0.0
73,2019-02-06 15:16:12, GOOGL signs of life and a bit more volume ,0.5,0,0,0,0,0,0,0,0,0,0,0,0,0,0,1,0,0,1,0,2,0,0,0,0,0,0,0,0,0.0,0.0,0.0,0.0
77,2019-02-06 15:07:53, FB Is Alphabet GOOGL a Buy After Strong Q4 Results ,0.4666666666666667,0,0,0,0,0,0,0,0,0,0,0,0,1,0,2,0,1,0,0,3,0,0,0,0,0,0,0,0,0.0,0.0,0.0,0.0
78,2019-02-06 15:07:46,Waymo One passengers reveal what it s really like to ride in Alphabet s self driving taxis GOOGL ,0.2,0,0,0,1,0,0,0,0,0,0,0,0,0,0,1,0,2,1,1,0,0,1,0,0,0,0,0,0,0.0,0.2,0.0,0.0
79,2019-02-06 15:07:36,Waymo One passengers reveal what it s really like to ride in Alphabet s self driving taxis GOOGL ,0.2,0,0,0,1,0,0,0,0,0,0,0,0,0,0,1,0,2,1,1,0,0,1,0,0,0,0,0,0,0.0,0.2,0.0,0.0
81,2019-02-06 15:06:52,10 Things To Know Waymo One passengers reveal what it s really like to ride in Alphabet s self driving taxis GOOGL ,0.2,0,0,0,1,1,0,0,0,0,0,0,0,0,0,1,0,2,1,2,0,0,1,0,0,0,0,0,0,0.0,0.2,0.0,0.0
82,2019-02-06 15:06:38,Waymo One passengers reveal what it s really like to ride in Alphabet s self driving taxis GOOGL ,0.2,0,0,0,1,0,0,0,0,0,0,0,0,0,0,1,0,2,1,1,0,0,1,0,0,0,0,0,0,0.0,0.2,0.0,0.0
85,2019-02-06 15:03:46,Waymo One passengers reveal what it s really like to ride in Alphabet s self driving taxis GOOGL johnangel1977,0.2,0,0,0,1,0,0,0,0,0,0,0,0,0,0,1,0,2,1,1,1,0,1,0,0,0,0,0,0,0.0,0.2,0.0,0.0
87,2019-02-06 15:01:24,Don t miss our next FREE OPTION TRADE Sign up for our Daily Free Trades at NVDA TSLA GS ORCL BAC GOOGL FB,0.26,0,0,0,0,0,0,0,0,0,0,0,0,2,0,3,0,1,0,1,5,0,0,0,1,0,0,0,0,0.0,0.0,0.0,0.5
92,2019-02-06 14:58:02,Google spinoff Verily is building a tech enabled rehab center in Ohio to treat opioid addiction GOOG GOOGL ,-0.1,0,0,0,0,1,0,0,0,0,0,0,0,0,0,0,1,2,0,1,8,0,0,0,0,0,0,0,1,0.0,0.0,0.0,-0.1
94,2019-02-06 14:55:14,Lookin for 1100 on GOOGL but that just me,0.0,0,0,0,0,0,0,0,0,0,0,0,0,0,0,0,0,0,1,0,0,0,0,0,0,0,0,0,0,0.0,0.0,0.0,0.0
95,2019-02-06 14:49:44, GOOGL and DIS are two stocks I have dissed analytically on are faring poorly today post EPS ,-0.4,0,0,0,0,0,0,0,0,0,0,0,0,0,0,0,1,0,2,0,3,0,0,0,0,0,1,0,0,0.0,-0.4,0.0,0.0
98,2019-02-06 14:38:01, GOOGL Pull back target is 1 0925 Triggered on the daily time frame today ,0.0,0,0,0,0,0,0,0,0,0,0,0,0,0,0,0,0,1,1,0,4,0,0,0,0,0,0,0,0,0.0,0.0,0.0,0.0
100,2019-02-06 14:37:07, Do you see a support here on GOOGL I see a small support in 1118 But could go lower to fuill the gap downto 1099,-0.25,0,0,0,0,0,0,0,0,0,0,0,0,0,0,0,1,1,1,3,4,0,0,0,0,1,0,0,0,-0.25,0.0,0.0,0.0
101,2019-02-06 14:33:51,Alphabet GOOGL Given New 1 325 00 Price Target at Citigroup ,0.13636363636363635,0,0,0,0,0,0,0,0,0,0,0,0,1,0,1,0,0,0,0,6,0,0,0,0,0,0,0,0,0.0,0.0,0.0,0.0
106,2019-02-06 14:31:28,Alphabet GOOGL Price Target Lowered to 1 100 00 at BMO Capital Markets ,0.0,0,0,0,0,0,0,0,0,0,0,0,0,0,0,0,0,1,0,0,5,0,0,0,0,0,0,0,0,0.0,0.0,0.0,0.0
107,2019-02-06 14:30:19,ACTIVE TRADERS Try one of these FREE trading guides NFLX TSLA AAPL AXP GS FB AMZN GOOGL NVDA,0.2555555555555556,1,0,0,0,0,0,0,0,1,0,0,0,1,1,2,1,0,0,0,6,0,0,0,1,0,0,0,1,0.0,0.0,0.0,0.3666666666666667
110,2019-02-06 14:20:49, GOOGL maybe a bearish engulfing ,0.0,0,0,0,0,0,0,0,0,0,0,0,0,0,0,0,0,1,1,0,1,0,0,0,0,0,0,0,0,0.0,0.0,0.0,0.0
113,2019-02-06 14:15:13,Watching GOOGL for any sign of life ,0.0,0,0,0,0,0,0,0,0,0,0,0,0,0,0,0,0,0,0,0,2,0,0,0,0,0,0,0,0,0.0,0.0,0.0,0.0
116,2019-02-06 14:12:34,Google spinoff Verily is building a tech enabled rehab center in Ohio to treat opioid addiction GOOG GOOGL ,-0.1,0,0,0,1,1,0,0,0,0,0,0,0,0,0,0,1,2,0,1,4,0,0,0,0,0,0,0,1,0.0,0.0,0.0,-0.1
118,2019-02-06 14:11:02,Google spinoff Verily is building a tech enabled rehab center in Ohio to treat opioid addiction GOOG GOOGL ,-0.1,0,0,0,0,1,0,0,0,0,0,0,0,0,0,0,1,2,0,1,8,0,0,0,0,0,0,0,1,0.0,0.0,0.0,-0.1
119,2019-02-06 14:10:59,GOOGL AMZN and MSFT all hit like this and NQ is only 20bps All semis ,0.0,0,0,0,0,0,0,0,0,0,0,0,0,0,0,0,0,0,1,0,1,0,0,0,0,0,0,0,0,0.0,0.0,0.0,0.0
121,2019-02-06 14:07:06,Google spinoff Verily is building a tech enabled rehab center in Ohio to treat opioid addiction GOOG GOOGL ,-0.1,0,0,0,1,1,0,0,0,0,0,0,0,0,0,0,1,2,0,1,4,0,0,0,0,0,0,0,1,0.0,0.0,0.0,-0.1
123,2019-02-06 14:06:37,Google spinoff Verily is building a tech enabled rehab center in Ohio to treat opioid addiction GOOG GOOGL ,-0.1,0,0,0,1,1,0,0,0,0,0,0,0,0,0,0,1,2,0,1,4,0,0,0,0,0,0,0,1,0.0,0.0,0.0,-0.1
124,2019-02-06 14:06:23,10 Things To Know Google spinoff Verily is building a tech enabled rehab center in Ohio to treat opioid addiction GOOG GOOGL ,-0.1,0,0,0,1,2,0,0,0,0,0,0,0,0,0,0,1,1,0,3,5,0,0,0,0,0,0,0,1,0.0,0.0,0.0,-0.1
130,2019-02-06 14:03:33,Google spinoff Verily is building a tech enabled rehab center in Ohio to treat opioid addiction GOOG GOOGL johnangel1977,-0.1,0,0,0,1,1,0,0,0,0,0,0,0,0,0,0,1,2,0,1,5,0,0,0,0,0,0,0,1,0.0,0.0,0.0,-0.1
131,2019-02-06 13:59:57, GOOGL breaking new lows ,0.13636363636363635,0,0,0,0,0,0,0,0,0,0,0,0,0,0,1,0,1,0,0,0,1,0,0,0,0,0,0,0,0.13636363636363635,0.0,0.0,0.0
132,2019-02-06 13:59:26, GOOGL gotta hold right here All post ER dip buyers about to go underwater REF 1122 50 ,0.2857142857142857,0,0,0,0,0,0,0,0,0,0,0,0,0,0,1,0,0,3,2,2,0,1,0,0,0,0,0,0,0.0,0.2857142857142857,0.0,0.0
134,2019-02-06 13:49:14, GOOG GOOGL Alphabet is taking on health care with a bunch of ambitious projects ,0.375,0,0,0,0,0,0,0,0,0,0,0,0,0,0,2,0,1,0,0,7,1,0,0,0,0,0,0,0,0.25,0.0,0.0,0.0
137,2019-02-06 13:44:27,A Geezer Alert GOOG GOOGL Alphabet Jumps Capital Spending As Well As R D Spending ,0.7,0,0,0,1,0,0,0,0,0,0,0,0,0,0,1,0,1,0,0,2,1,0,0,0,0,0,0,0,0.7,0.0,0.0,0.0
145,2019-02-06 13:32:57,YouTube GOOGL Netflix NFLX,0.0,0,0,0,0,0,0,0,0,0,0,0,0,0,0,0,0,0,0,0,0,0,0,0,0,0,0,0,0,0.0,0.0,0.0,0.0
147,2019-02-06 13:30:24,ACTIVE TRADERS Try one of these FREE trading guides NFLX TSLA AAPL CMG GS FB AMZN GOOGL NVDA,0.2555555555555556,0,0,0,0,0,0,0,0,0,0,0,0,1,1,2,1,0,0,0,6,0,0,0,1,0,0,0,1,0.0,0.0,0.0,0.3666666666666667
148,2019-02-06 13:30:22,This market is not out of the woods yet Provide your stocks some breathing space but don t let winner turn into losers Adhere to rather tight stops here with AMZN and GOOGL being unable to regain their 200d MA ,-0.29285714285714287,0,0,0,0,2,0,0,0,0,0,0,0,0,0,0,3,4,3,4,3,0,0,0,0,2,0,0,0,-0.6785714285714286,0.0,0.0,0.0
151,2019-02-06 13:27:45, GOOGL is also about to break back down through the 200d MA ,-0.07777777777777779,0,0,0,0,0,0,0,0,0,0,0,0,0,0,0,1,0,2,1,0,0,0,0,0,0,0,0,0,0.0,0.0,0.0,0.0
152,2019-02-06 13:22:39, Shocked Face I wonder if this is what got into ALRM today GOOGL s loss is ALRM s gain perhaps,-0.7,0,0,0,0,0,0,0,0,0,0,0,0,0,1,0,1,2,1,0,5,0,0,0,0,1,0,0,0,-0.7,0.0,0.0,0.0
157,2019-02-06 13:07:43,Did you sell your googl calls,0.0,0,0,0,0,0,0,0,0,0,0,0,0,0,0,0,0,0,0,1,1,0,0,0,0,0,0,0,0,0.0,0.0,0.0,0.0
162,2019-02-06 13:01:41,Don t miss our next FREE OPTION TRADE Sign up for our Daily Free Trades at NVDA TSLA GS AAPL BAC GOOGL FB,0.26,0,0,0,0,0,0,0,0,0,0,0,0,2,0,3,0,1,0,1,5,0,0,0,1,0,0,0,0,0.0,0.0,0.0,0.5
166,2019-02-06 13:01:02,Today s million dollar CALL trade update AAPL AMZN CRON GM GOOGL ILMN MU TSLA BA DIS FDX F CACC ORCL SNAP SWKS ZEN MHK ,0.0,-2,0,0,1,0,0,0,1,0,0,0,0,0,0,0,0,0,0,0,5,0,0,0,0,0,0,0,0,0.0,0.0,0.0,0.0
170,2019-02-06 12:55:10,Try our swing trading service built for individuals who want to trade longer term timeframes around their full time careers Find out more here BIDU AMZN GOOGL V,0.45,0,0,0,0,0,0,0,0,0,0,0,0,0,0,3,0,2,1,2,8,1,0,0,1,0,0,0,0,0.35,0.0,0.0,0.5
175,2019-02-06 12:49:03,I gave up GOOGL feb8 1150 call at 2 50 from 2 80 but I might re buy later ,0.0,0,0,0,0,0,0,0,0,0,0,0,0,0,0,0,0,0,3,2,2,0,0,0,0,0,0,0,0,0.0,0.0,0.0,0.0
180,2019-02-06 12:40:12,I see VIX dress up for light party I hope that GOOGL will holds 1128 til VIX gives up party,0.4,0,0,0,0,0,0,0,0,0,0,0,0,0,0,1,0,1,0,1,2,1,0,0,0,0,0,0,0,0.4,0.0,0.0,0.0
185,2019-02-06 12:37:53,Google Cloud will help the Golden State Warriors play better basketball GOOGL GOOG ,0.4,0,0,0,1,0,0,0,0,0,0,0,0,1,0,2,0,0,1,1,1,0,1,0,0,0,0,0,0,0.0,0.5,0.0,0.0
186,2019-02-06 12:37:47,Google Cloud will help the Golden State Warriors play better basketball GOOGL GOOG ,0.4,0,0,0,1,0,0,0,0,0,0,0,0,1,0,2,0,0,1,1,1,0,1,0,0,0,0,0,0,0.0,0.5,0.0,0.0
188,2019-02-06 12:36:55,10 Things To Know Google Cloud will help the Golden State Warriors play better basketball GOOGL GOOG ,0.4,0,0,0,1,1,0,0,0,0,0,0,0,1,0,2,0,0,1,2,1,0,1,0,0,0,0,0,0,0.0,0.5,0.0,0.0
189,2019-02-06 12:36:26,Google Cloud will help the Golden State Warriors play better basketball GOOGL GOOG ,0.4,0,0,0,1,0,0,0,0,0,0,0,0,1,0,2,0,0,1,1,1,0,1,0,0,0,0,0,0,0.0,0.5,0.0,0.0
190,2019-02-06 12:36:23,I see GOOGL has MACD golden cross and 5sma cross 10sma on 5 minutes chart,0.09999999999999999,0,0,0,0,0,0,0,0,0,0,0,0,0,0,1,0,1,0,0,2,1,0,0,0,0,0,0,0,0.3,0.0,0.0,0.0
192,2019-02-06 12:34:55,Everyone on here bearish on AMZN you know what that means It is about to bust a move So is GOOGL and FB Can t keep FANG down you idiots ,-0.4777777777777778,0,0,0,0,1,0,0,0,0,0,0,0,0,0,0,2,1,1,4,2,0,0,0,0,0,0,0,0,0.0,0.0,0.0,0.0
194,2019-02-06 12:33:45,Google Cloud will help the Golden State Warriors play better basketball GOOGL GOOG johnangel1977,0.4,0,0,0,1,0,0,0,0,0,0,0,0,1,0,2,0,0,1,1,2,0,1,0,0,0,0,0,0,0.0,0.5,0.0,0.0
195,2019-02-06 12:33:00,Waiting for seller s remorse to go into affect soon for GOOGL and AMZN They looks to be one of the cheapest stocks right now one morning the pajama traders will wake up and and see both 100 pts ,0.2857142857142857,0,0,0,0,1,0,0,0,0,0,0,0,0,0,1,0,1,2,5,2,0,1,0,0,0,0,0,0,0.0,0.2857142857142857,0.0,0.0
199,2019-02-06 12:30:29,ACTIVE TRADERS Try one of these FREE trading guides NFLX TSLA AAPL COST GS FB AMZN GOOGL NVDA,0.2555555555555556,0,0,0,0,0,0,0,0,0,0,0,0,1,1,2,1,0,0,0,6,0,0,0,1,0,0,0,1,0.0,0.0,0.0,0.3666666666666667
206,2019-02-06 12:13:07,Always feel encouraged when sells off on days prior to earnings Another sleepless night Real high bar SNAP has set for TWTR Q418 you know ZERO user growth Most amazingly durable concept on the Internet next to GOOGL but no user growth FFS ,0.268,0,0,0,0,3,0,0,0,0,0,0,0,2,0,4,0,3,2,0,9,1,1,0,0,0,0,0,0,0.16,0.6000000000000001,0.0,0.0
207,2019-02-06 12:12:58,A Geezer Alert GOOG GOOGL Alphabet s Stock Is More Undervalued Than You Think ,0.6,0,0,0,1,0,0,0,0,0,0,0,0,1,0,2,0,2,0,0,3,1,0,0,0,0,0,0,0,0.7,0.0,0.0,0.0
209,2019-02-06 12:06:30,Here are a few once in profits must use reasonable STOPS SPX must cross 2840 for it to be bullish trend confirmation BKNG AMZN GOOGL NFLX ISRG FDX BA CAT ILMN MU NVDA CMG AZO PYPL SQ EXAS FSLR MRK WYNN V Growth stocks therefore volatile do pullback 8 20 often ,0.0,-2,0,0,0,0,0,0,1,0,0,0,0,0,0,1,1,4,5,3,2,1,0,0,0,1,0,0,0,0.0,0.0,0.0,0.0
212,2019-02-06 12:05:54,At any point GOOGL can start breaking out their s more granularly by division a la AAPL AMZN etc run the stock It should as it s now 160 bb in run rate revs disclosing just 2 divisions is not fair to shareholders Buy back a ton of stock then disclose ,0.05000000000000001,0,0,0,0,2,0,0,0,0,0,0,0,0,0,2,0,1,4,3,12,1,0,0,0,0,0,0,0,0.7,0.0,0.0,0.0
213,2019-02-06 12:01:28,Make a baby itu download foto di googl e ,0.0,0,0,0,0,0,0,0,0,0,0,0,0,0,0,0,0,0,0,1,7,0,0,0,0,0,0,0,0,0.0,0.0,0.0,0.0
219,2019-02-06 11:47:48, you see GOOGL recovering ,0.0,0,0,0,0,0,0,0,0,0,0,0,0,0,0,0,0,1,0,0,0,0,0,0,0,0,0,0,0,0.0,0.0,0.0,0.0
221,2019-02-06 11:43:33,Still have 02 15 googl calls but otherwise sidelined Today is crappy ,0.0,0,0,0,0,0,0,0,0,0,0,0,0,0,0,0,0,1,2,0,1,0,0,0,0,0,0,0,0,0.0,0.0,0.0,0.0
222,2019-02-06 11:43:26, AGREE Do homework hold longer for some maturity How long is up to your timeframe Many day traders juggle btw loss wins cus they listen to their so called followers pay subscription Short cut margin bad amzn googl nflx aapl tsla BA lmt,0.0,0,0,0,2,0,0,0,0,0,0,0,0,0,0,0,0,0,0,0,2,0,0,0,0,0,0,0,0,0.0,0.0,0.0,0.0
227,2019-02-06 11:36:50,A Geezer Alert GOOG GOOGL Alphabet s Results Are Stronger Than They Appear ,0.7,0,0,0,1,0,0,0,0,0,0,0,0,0,0,1,0,2,0,0,4,1,0,0,0,0,0,0,0,0.7,0.0,0.0,0.0
230,2019-02-06 11:30:30,ACTIVE TRADERS Try one of these FREE trading guides NFLX TSLA AAPL WMT GS FB AMZN GOOGL NVDA,0.2555555555555556,0,0,0,0,0,0,0,0,0,0,0,0,1,1,2,1,0,0,0,6,0,0,0,1,0,0,0,1,0.0,0.0,0.0,0.3666666666666667
231,2019-02-06 11:23:07,Worried are driving stock prices Great piece from today looking at how little FB GOOGL INTC C WMT in factor SPLV SPHQ SPMO SPVU,0.30625,0,0,0,0,0,0,0,0,0,0,0,0,1,0,1,1,1,0,0,5,0,0,0,0,1,0,0,0,-0.1875,0.0,0.0,0.0
238,2019-02-06 11:08:32,Alphabet Inc GOOGL to Post Q1 2019 Earnings of 10 61 Per Share SunTrust Banks Forecasts Bonnie Powley Zolmax ,0.0,0,0,0,0,0,0,0,0,0,0,0,0,0,0,0,0,0,0,0,4,0,0,0,0,0,0,0,0,0.0,0.0,0.0,0.0
240,2019-02-06 11:04:06, snap wants 32 won t take a penny less for fb googl or amzn,0.016666666666666677,0,0,0,0,0,0,0,0,0,0,0,0,0,0,1,1,1,0,0,5,0,0,0,0,0,0,0,0,0.0,0.0,0.0,0.0
241,2019-02-06 11:01:38,Don t miss our next FREE OPTION TRADE Sign up for our Daily Free Trades at NVDA TSLA GS GILD WFM GOOGL FB,0.26,0,0,0,0,0,0,0,0,0,0,0,0,2,0,3,0,1,0,1,5,0,0,0,1,0,0,0,0,0.0,0.0,0.0,0.5
248,2019-02-06 10:45:40, GOOGL trying needs over Vwap 1141 24 for push back towards 1150 1155 1171 targets above,0.0,0,0,0,0,0,0,0,0,0,0,0,0,0,0,0,0,0,1,0,1,0,0,0,0,0,0,0,0,0.0,0.0,0.0,0.0
252,2019-02-06 10:38:59, by GOOGL s on RT Making New Drugs With a Dose of Artificial Intelligence ,-0.2318181818181818,0,0,0,1,0,0,0,0,0,0,0,0,1,1,1,1,0,0,0,2,0,0,0,0,0,0,0,0,0.0,0.0,0.0,0.0
255,2019-02-06 10:30:26,ACTIVE TRADERS Try one of these FREE trading guides NFLX TSLA AAPL WFM GS FB AMZN GOOGL NVDA,0.2555555555555556,0,0,0,0,0,0,0,0,0,0,0,0,1,1,2,1,0,0,0,6,0,0,0,1,0,0,0,1,0.0,0.0,0.0,0.3666666666666667
258,2019-02-06 10:23:55,If you forgot to buy the Googsters at new year highs this morning they are on sale in aisle five Supplies are limited GOOG GOOGL,0.032467532467532464,0,0,0,0,0,0,0,0,0,0,0,0,0,0,1,1,3,0,1,3,1,0,0,0,1,0,0,0,0.06493506493506493,0.0,0.0,0.0
259,2019-02-06 10:22:27,looks like the h s on googl brought ALOT of sellers and i was a sucker to play the other side VIX low in 15s sign market need a red day after norm was 18 25 past 3 mons SPX 200dma HUGE resistance no reason to go long when technical sentiment is playing all of this,-0.040624999999999994,0,0,0,0,2,0,0,0,0,0,0,0,1,0,1,4,4,1,2,14,0,0,0,0,2,1,0,1,-0.375,-0.05,0.0,-0.3
260,2019-02-06 10:18:38, TSLA NFLX AMZN GOOGL All these earnings plays my goodness Way too much to get to my scans are workinggggggggggg now just need to get that OPM C Money Trading Group not if but when ,0.2,0,0,0,0,2,0,0,0,0,0,0,0,0,0,1,0,2,3,3,1,0,1,0,0,0,0,0,0,0.0,0.2,0.0,0.0
261,2019-02-06 10:14:44,Came in bullish levels werent brkn up caught fb before nflx aapl googl started dropping Holding 167 5p x2 at 39 tgt is 50ma 169 3 as other hit scale out 1 holding runner,-0.125,0,0,0,0,0,0,0,0,0,0,0,0,0,0,0,1,5,0,0,8,0,0,0,0,1,0,0,0,-0.125,0.0,0.0,0.0
263,2019-02-06 10:10:05,These tech giants get a TON of flak for their cash piles Here s s take on the conflict plaguing the likes of GOOGL AAPL and AMZN ,0.0,0,0,0,1,0,0,0,0,0,0,0,0,0,0,0,0,1,1,0,5,0,0,0,0,0,0,0,0,0.0,0.0,0.0,0.0
265,2019-02-06 10:05:47, GOOGL 1150 break over and rejected BOOM ,0.0,0,0,0,0,0,0,0,0,0,0,0,0,0,0,0,0,0,0,0,1,0,0,0,0,0,0,0,0,0.0,0.0,0.0,0.0
267,2019-02-06 10:02:56,Tech heavy sell Need AMZN GOOGL nflx all bottomed otherwise no good Know where to stop if you do play tech calls,-0.275,0,0,0,0,2,0,0,0,0,0,0,0,0,0,1,1,1,1,3,2,1,0,0,0,0,0,0,1,0.7,0.0,0.0,-0.2
268,2019-02-06 10:02:39, AMZN GOOGL NFLX weak AAPL red BA red,-0.125,0,0,0,0,0,0,0,0,0,0,0,0,0,0,0,1,1,0,0,0,0,0,0,0,1,0,0,0,-0.375,0.0,0.0,0.0
269,2019-02-06 09:53:27,RT RT There s a reason why you couldn t keep the stock of Alphabet GOOGL down yesterday knows this will be the quarter where you had to pay the piper to get sales and the piper happens most often to be Google hence its 21 revenue growth ,0.17222222222222222,0,0,0,0,1,0,0,0,0,0,0,0,0,0,1,1,1,2,6,14,0,0,0,0,0,1,0,0,0.0,-0.15555555555555559,0.0,0.0
270,2019-02-06 09:52:58,Research Analysts Issue Forecasts for Alphabet Inc s FY2020 Earnings GOOGL ,0.0,0,0,0,0,0,0,0,0,0,0,0,0,0,0,0,0,0,0,0,8,0,0,0,0,0,0,0,0,0.0,0.0,0.0,0.0
272,2019-02-06 09:50:49,A Geezer Alert GOOG GOOGL Alphabet s Verily backing opioid rehab campus ,0.7,0,0,0,1,0,0,0,0,0,0,0,0,0,0,1,0,2,0,0,6,1,0,0,0,0,0,0,0,0.7,0.0,0.0,0.0
273,2019-02-06 09:50:11,Wedbush Sets Alphabet FY2020 Earnings Estimates at 58 00 EPS GOOGL ,0.0,0,0,0,0,0,0,0,0,0,0,0,0,0,0,0,0,0,0,0,7,0,0,0,0,0,0,0,0,0.0,0.0,0.0,0.0
275,2019-02-06 09:49:04,139 GOOGL beat and dropped early in the day Maybe same will happen here,0.05,0,0,0,0,0,0,0,0,0,0,0,0,0,0,1,0,1,2,1,2,0,1,0,0,0,0,0,0,0.0,0.1,0.0,0.0
277,2019-02-06 09:46:38,Googl feb15 1180c at 4 2 good to consider,0.7,0,0,0,0,0,0,0,0,0,0,0,0,0,0,1,0,1,1,1,0,1,0,0,0,0,0,0,0,0.7,0.0,0.0,0.0
279,2019-02-06 09:38:07,The post 5 Top Stock Trades for Wednesday GOOGL GILD EL BA ,0.5,0,0,0,1,0,0,0,0,0,0,0,0,1,0,2,0,0,0,0,3,0,0,0,1,0,0,0,0,0.0,0.0,0.0,0.5
282,2019-02-06 09:30:33,Alphabet Inc GOOGL Forecasted to Earn Q1 2019 Earnings of 9 32 Per Share ,0.0,0,0,0,0,0,0,0,0,0,0,0,0,0,0,0,0,0,0,0,6,0,0,0,0,0,0,0,0,0.0,0.0,0.0,0.0
284,2019-02-06 09:30:21,ACTIVE TRADERS Try one of these FREE trading guides NFLX TSLA AAPL BABA AMD GS FB AMZN GOOGL NVDA,0.2555555555555556,0,0,0,0,0,0,0,0,0,0,0,0,1,1,2,1,0,0,0,6,0,0,0,1,0,0,0,1,0.0,0.0,0.0,0.3666666666666667
286,2019-02-06 09:29:08,Some stocks the desk is watching MCHP MGNX GM SPOT PAYC AAPL GOOGL AMRS,0.0,0,0,0,0,0,0,0,0,0,0,0,0,0,0,0,0,0,0,0,1,0,0,0,0,0,0,0,0,0.0,0.0,0.0,0.0
292,2019-02-06 09:25:07,With past performance like this how can you not sign up for a Free 7 day trial to Winning Option Swing Trades Since 2006 AMZN GOOGL BABA MSFT,0.2875,0,0,0,0,1,0,0,0,0,0,0,0,2,0,3,1,2,0,3,7,1,0,0,1,1,0,0,0,0.15000000000000002,0.0,0.0,0.5
294,2019-02-06 09:21:08,Research Analysts Issue Forecasts for Alphabet Inc s Q3 2019 Earnings GOOGL ,0.0,0,0,0,0,0,0,0,0,0,0,0,0,0,0,0,0,0,0,0,8,0,0,0,0,0,0,0,0,0.0,0.0,0.0,0.0
296,2019-02-06 09:18:43,Piper Jaffray Companies Lowers Alphabet Q3 2019 Earnings Estimates to 13 29 EPS Previously 13 34 GOOGL ,-0.16666666666666666,0,0,0,0,0,0,0,0,0,0,0,0,0,1,0,1,0,1,0,7,0,0,0,0,0,1,0,0,0.0,-0.16666666666666666,0.0,0.0
298,2019-02-06 09:14:50,EOP Option Trade of the Day TWTR FB EA DIS BA AMZN GOOGL AAPL BABA PYPL SQ NVDA AMD SNAP,0.0,0,0,0,1,0,0,0,0,0,0,0,0,0,0,0,0,0,0,0,4,0,0,0,0,0,0,0,0,0.0,0.0,0.0,0.0
300,2019-02-06 09:03:57,SunTrust Banks Sets Alphabet Q1 2019 Earnings Estimates at 10 61 EPS GOOGL ,0.0,0,0,0,0,0,0,0,0,0,0,0,0,0,0,0,0,1,0,0,7,0,0,0,0,0,0,0,0,0.0,0.0,0.0,0.0
301,2019-02-06 09:03:57,William Blair Raises Alphabet Q1 2019 Earnings Estimates to 10 85 EPS Previously 10 71 GOOGL ,-0.16666666666666666,0,0,0,0,0,0,0,0,0,0,0,0,0,1,0,1,0,1,0,7,0,0,0,0,0,1,0,0,0.0,-0.16666666666666666,0.0,0.0
302,2019-02-06 09:03:56,KeyCorp Lowers Alphabet Q1 2019 Earnings Estimates to 9 32 EPS Previously 9 81 GOOGL ,-0.16666666666666666,0,0,0,0,0,0,0,0,0,0,0,0,0,1,0,1,0,1,0,7,0,0,0,0,0,1,0,0,0.0,-0.16666666666666666,0.0,0.0
303,2019-02-06 09:03:53,Oppenheimer Lowers Alphabet Q1 2019 Earnings Estimates to 11 81 EPS Previously 11 85 GOOGL ,-0.16666666666666666,0,0,0,0,0,0,0,0,0,0,0,0,0,1,0,1,0,1,0,7,0,0,0,0,0,1,0,0,0.0,-0.16666666666666666,0.0,0.0
305,2019-02-06 09:01:10,Don t miss our next FREE OPTION TRADE Sign up for our Daily Free Trades at NVDA TSLA GS GILD BABA GOOGL FB,0.26,0,0,0,0,0,0,0,0,0,0,0,0,2,0,3,0,1,0,1,5,0,0,0,1,0,0,0,0,0.0,0.0,0.0,0.5
314,2019-02-06 08:50:27,AMZN running and will likely lead tech Googl nflx FB XLNX also on radar today ,0.0,0,0,0,0,0,0,0,0,0,0,0,0,0,0,0,0,0,2,1,4,0,0,0,0,0,0,0,0,0.0,0.0,0.0,0.0
318,2019-02-06 08:30:18,ACTIVE TRADERS Try one of these FREE trading guides NFLX TSLA AAPL JPM GS FB AMZN GOOGL NVDA,0.2555555555555556,0,0,0,0,0,0,0,0,0,0,0,0,1,1,2,1,0,0,0,6,0,0,0,1,0,0,0,1,0.0,0.0,0.0,0.3666666666666667
324,2019-02-06 08:01:11,251 Profit Packed Option Trades Yearly Delivered to Your Inbox Daily FREE AMZN GOOGL NFLX FB AAPL,0.3,0,0,0,0,0,0,0,0,0,0,0,0,1,0,2,0,0,1,0,6,0,0,0,1,0,0,0,0,0.0,0.0,0.0,0.5
328,2019-02-06 07:53:30,Let the whole world know what a GEM QNX is and that BlackBerry is still Research in Motion BB AAPL MSFT GOOGL AMZN IBM ORCL CRM TSLA SNAP FB _Thurber,0.2,0,0,0,0,1,0,0,0,0,0,0,0,0,0,1,0,1,1,1,3,1,0,0,0,0,0,0,0,0.2,0.0,0.0,0.0
330,2019-02-06 07:35:41,Perfect mobile massager now on Google Play Super hard vibration バイブ バイブレーター マッサージ,0.34722222222222215,0,0,0,1,1,0,0,0,0,0,0,0,2,0,2,1,1,0,0,5,0,0,0,0,1,0,0,0,-0.2916666666666667,0.0,0.0,0.0
331,2019-02-06 07:30:19,ACTIVE TRADERS Try one of these FREE trading guides NFLX TSLA AAPL GILD GS FB AMZN GOOGL NVDA,0.2555555555555556,0,0,0,0,0,0,0,0,0,0,0,0,1,1,2,1,0,0,0,6,0,0,0,1,0,0,0,1,0.0,0.0,0.0,0.3666666666666667
332,2019-02-06 07:30:02, GOOGL Class A Wedbush Morning Call February 6 2019 ,0.0,0,0,0,0,0,0,0,0,0,0,0,0,0,0,0,0,0,0,0,4,0,0,0,0,0,0,0,0,0.0,0.0,0.0,0.0
336,2019-02-06 07:09:26,On Trend on Youtube Topics for Tuesday 5 Feb The turn of the month strategy two parts to an uptrend NVDA CIEN four teetering tech titans MSFT INTC GOOGL AMZN 6 healthcare leaders and a few setups ,-0.2,0,0,0,1,0,0,0,0,0,0,0,0,0,0,0,1,2,1,1,5,0,0,0,0,1,0,0,0,-0.2,0.0,0.0,0.0
337,2019-02-06 07:07:33,Cambridge Investment Research Advisors Inc Has 39 13 Million Stake in Alphabet Inc GOOGL John Perry Zolmax ,0.0,0,0,0,0,0,0,0,0,0,0,0,0,0,0,0,0,0,0,0,4,0,0,0,0,0,0,0,0,0.0,0.0,0.0,0.0
342,2019-02-06 06:51:37, GOOGL Class A Takeaways From Real Estate Agent Conference ,0.2,0,0,0,0,0,0,0,0,0,0,0,0,1,0,1,0,1,0,0,2,0,0,0,0,0,0,0,0,0.0,0.0,0.0,0.0
344,2019-02-06 06:23:56,A Geezer Alert GOOGL Alphabet Inc Cl A SEC Filing Amended Annual Report 10 K A ,0.3,0,0,0,1,0,0,0,0,0,0,0,0,0,1,1,1,1,0,0,2,1,0,0,0,0,0,0,0,0.7,0.0,0.0,0.0
345,2019-02-06 06:23:44,The Street s Key Research Reports ,0.35,0,0,0,1,0,0,0,0,0,0,0,0,0,0,1,0,1,0,0,3,1,0,0,0,0,0,0,0,0.7,0.0,0.0,0.0
347,2019-02-06 06:12:55,Early days yet for the share price,0.1,0,0,0,0,0,0,0,0,0,0,0,0,1,0,1,0,1,1,0,2,1,0,0,0,0,0,0,0,0.1,0.0,0.0,0.0
349,2019-02-06 06:06:02, GOOGL 2 1 2 weekly reversal up it goes ,0.0,0,0,0,0,0,0,0,0,0,0,0,0,0,0,0,0,1,2,0,1,0,0,0,0,0,0,0,0,0.0,0.0,0.0,0.0
350,2019-02-06 05:59:24,The Top 10 Trends in Digital Media 2019 AMZN GOOGL FB ,0.25,0,0,0,1,0,0,0,0,0,0,0,0,1,0,1,0,1,0,0,0,1,0,0,0,0,0,0,0,0.5,0.0,0.0,0.0
353,2019-02-06 05:40:01,The Top 10 Trends in Digital Media 2019 AMZN GOOGL FB ,0.3333333333333333,0,0,0,1,0,0,0,0,0,0,0,0,1,0,2,0,1,0,0,3,1,0,0,1,0,0,0,0,0.5,0.0,0.0,0.5
365,2019-02-06 04:30:34,Watch what happened at 6 10 in 1 s broadcast Dow up 172 TSLA AMZN GOOGL FB NFLX TWTR SQ BABA ,-0.1,0,0,0,1,0,0,0,0,0,0,0,0,0,0,0,1,1,1,1,7,0,0,0,0,1,0,0,0,-0.1,0.0,0.0,0.0
366,2019-02-06 04:29:41,fuck of googl how do I delet,-0.4,0,0,0,0,0,0,0,0,0,0,0,0,0,0,0,1,0,0,1,2,0,0,0,0,0,0,0,1,0.0,0.0,0.0,-0.4
367,2019-02-06 04:29:25,ok googl search mr mucfilips porn film,0.5,0,0,0,0,0,0,0,0,0,0,0,0,0,0,1,0,1,0,0,4,1,0,0,0,0,0,0,0,0.5,0.0,0.0,0.0
369,2019-02-06 04:00:03,Are you up to date on all the US Market news If not check out our end of day US Stock Market update from last night We covered important market trends in the US popular stocks trending and much more GOOGL ALL DIS,0.4,0,0,0,1,1,0,0,0,0,0,0,0,0,0,5,0,4,1,1,11,2,1,0,1,0,0,0,0,1.0,0.2,0.0,0.5
374,2019-02-06 03:33:43,It s amazing how the first few years revenue figures are pretty much irrelevant to these monsters that have vision behind them ,1.850371707708594e-17,0,0,0,0,0,0,0,0,0,0,0,0,0,0,4,3,4,1,0,3,3,1,0,0,1,0,0,1,0.8500000000000001,0.25,0.0,-0.5
378,2019-02-06 03:23:55,Alphabet tops revenue targets GOOG GOOGL ,0.5,0,0,0,1,0,0,0,0,0,0,0,0,0,0,1,0,0,0,0,3,0,0,0,1,0,0,0,0,0.0,0.0,0.0,0.5
387,2019-02-06 02:54:35,5 Top Stock Trades for Wednesday GOOG GOOGL GILD EL BA SBUX ,0.5,0,0,0,0,0,0,0,0,0,0,0,0,1,0,2,0,1,0,0,5,1,0,0,0,0,0,0,0,0.5,0.0,0.0,0.0
394,2019-02-06 02:20:45,Investors Sell Shares of Alphabet GOOGL on Strength on Analyst Downgrade ,0.0,0,0,0,0,0,0,0,0,0,0,0,0,0,0,0,0,0,0,0,6,0,0,0,0,0,0,0,0,0.0,0.0,0.0,0.0
397,2019-02-06 02:09:17,The Top 10 Trends in Digital Media 2019 AMZN GOOGL FB ,0.25,0,0,0,1,0,0,0,0,0,0,0,0,1,0,1,0,1,0,0,0,1,0,0,0,0,0,0,0,0.5,0.0,0.0,0.0
398,2019-02-06 02:03:15,Hi Yuri how do you determine the 1175 line of resistance for GOOGL ,0.0,0,0,0,0,0,0,0,0,0,0,0,0,0,0,0,0,0,0,1,2,0,0,0,0,0,0,0,0,0.0,0.0,0.0,0.0
410,2019-02-06 00:41:47,Thoughts on Googl ,0.0,0,0,0,0,0,0,0,0,0,0,0,0,0,0,0,0,0,0,0,0,0,0,0,0,0,0,0,0,0.0,0.0,0.0,0.0
414,2019-02-06 00:27:16,Judging by GOOGL YouTube it was the worst half time show ever Probably need some more accidental exposure next time Purposeful exposure is so lame ,-0.23333333333333334,1,0,0,0,0,0,0,0,1,0,0,0,0,0,1,3,4,2,2,5,0,0,0,0,1,0,0,1,-0.5,0.0,0.0,-0.16666666666666666
415,2019-02-06 00:08:53,Sell covered calls on GOOG or GOOGL way out of the money higher than current prices You can earn a few percentage points a year and still have plenty of upside 20 or more depending on when you sell them ,0.1375,0,0,0,0,0,0,0,0,0,0,0,0,0,0,2,1,3,1,2,5,0,0,0,0,1,0,0,0,-0.2,0.0,0.0,0.0
416,2019-02-06 00:00:33,200dma on spx resistance h s on googl VIX in the 15s 87 of s p above 50dma A lot of signs are saying market reversing soon That said trend is your friend until it s not ,0.0,0,0,0,0,1,0,0,0,0,0,0,0,0,0,0,0,1,1,0,9,0,0,0,0,0,0,0,0,0.0,0.0,0.0,0.0
