,date,tweet,sentiment,num_hashtags,num_targets,num_urls,num_negations,num_newlines,num_pos_exclam,num_neg_exclam,num_pos_cap,num_neg_cap,num_pos_words,num_neg_words,num_JJ,num_RB,num_VB,num_NN,num_pos_JJ,num_pos_RB,num_pos_VB,num_pos_NN,num_neg_JJ,num_neg_RB,num_neg_VB,num_neg_NN,total_score_JJ,total_score_RB,total_score_VB,total_score_NN
0,2019-02-06 18:59:21,The top three 5G stocks to buy right now -  https://mailchi.mp/exactoptionpicks/the-option-triggers-with-100-676825¬†‚Ä¶ $FB $AMZN $NFLX $AAPL $BABA $TSLA $CGC $TLRY $DIS $EA $CMG $NVDA $GOOGL $BTC $DIS,0.39285714285714285,0,0,1,1,0,0,0,0,0,2,0,3,0,1,1,2,0,0,0,0,0,0,0,0.7857142857142857,0.0,0.0,0.0
2,2019-02-06 18:56:05,"Shoshana Zuboff: Facebook, Google and a dark age of surveillance capitalism  https://www.ft.com/content/7fafec06-1ea2-11e9-b126-46fc3ad87c65¬†‚Ä¶ via @FT $fb $googl $qqq",0.0,0,0,1,0,0,0,0,0,0,0,0,0,0,0,1,0,0,0,0,0,0,0,0,0.0,0.0,0.0,0.0
3,2019-02-06 18:55:45,$DIS $GM $AMZN $TTWO $SPOT $AAPL $GOOGL $CPRI $GOOG $CMG $EA $SWKS $TWTR $NYT $TSLA $SPX $DIA   Stocks - Major News   https://bullbearcharts.blogspot.com/2019/02/stocks-major-news_6.html¬†‚Ä¶ pic.twitter.com/E1JAeVvphu,0.0,0,0,1,0,0,0,0,0,0,0,0,0,0,0,0,0,0,0,0,0,0,0,0,0.0,0.0,0.0,0.0
4,2019-02-06 18:39:46,Traders Buy Shares of Alphabet $GOOGL on Weakness Following Analyst Downgrade  http://zpr.io/gZSBn¬†,0.0,0,0,1,0,0,0,0,0,0,0,0,0,0,0,0,0,0,0,0,0,0,0,0,0.0,0.0,0.0,0.0
5,2019-02-06 18:37:24,$googl for 2 day - 7 day swing $twtr cuz I kept pressing buttons,0.0,0,0,0,0,0,0,0,0,0,0,0,1,0,0,4,0,0,0,0,0,0,0,0,0.0,0.0,0.0,0.0
6,2019-02-06 18:34:54," https://bit.ly/2Gqtlk4¬† We had a bit of a red day yesterday with $SPX/$SPY down -0.22% and $NDX/$QQQ -0.37%. The tech sector was hit worse then other stocks with $FANG all down: $FB -0.39%, $AMZN -1.12% , $NFLX -1.02%, $GOOGL -2.52%. The $VIX went down -1.22% (!)",-0.14166666666666666,0,0,1,0,0,0,0,0,0,0,5,2,4,0,13,0,0,0,0,1,3,0,0,-0.125,-0.4666666666666668,0.0,0.0
7,2019-02-06 18:30:09,ACTIVE TRADERS Try one of these FREE trading guides:   http://ow.ly/cVBN30nzZYU¬† $NFLX $TSLA $AAPL $IBB $GS $FB $AMZN $GOOGL $NVDA,0.13333333333333336,0,0,1,0,0,0,0,1,1,1,1,0,0,1,2,0,0,0,0,0,0,0,1,0.0,0.0,0.0,-0.13333333333333333
8,2019-02-06 18:26:21,$SNE Get ready for the #Olympics #Tokyo2020 $SNE #Sony will be closer to $AAPL Apple Market cap and $RKUNY #Rakuten closer to $AMZN Amazon so much unjustified distortion in the market $MS $BAC $LUK $DB $RJF $FB $NFLX $GOOG $GOOGL $ONLN #Nikkei pic.twitter.com/dMizcvg71s,0.0,0,0,1,0,0,0,0,0,0,0,0,0,0,0,1,0,0,0,0,0,0,0,0,0.0,0.0,0.0,0.0
10,2019-02-06 18:14:27,+34 Points Today. Come Trade With US! @RockSolidTrader  & @cml41987 $ATVI +1 $EOLS + 2.15 $TXN +1.40 $MU +.75 $GOOGL +23.72         PLAY OF THE DAY! $ROKU +.40 $WYNN +1.50 MIC CALLS $BIDU +1.40 $SPY +.85 $UGAZ +1.10 See Comments pic.twitter.com/FkO5y4h46n,0.0,0,0,1,0,0,0,0,0,0,0,0,0,0,0,1,0,0,0,0,0,0,0,0,0.0,0.0,0.0,0.0
11,2019-02-06 18:14:09,Quick review of daily returns (Oct.-Feb.) from 12 of the most traded stocks:  $AMD $AAPL $AMZN $FB $NFLX $GOOGL $MSFT $INTC $CSCO $TWTR $MU $NVDA  Facebook:  https://www.facebook.com/RedAnalisis/¬† $SPX $NQ $DJI #TRMX pic.twitter.com/y4oJqTWQLG,0.0,0,0,1,0,0,0,0,0,0,0,0,0,0,0,1,0,0,0,0,0,0,0,0,0.0,0.0,0.0,0.0
14,2019-02-06 17:51:22,How the heck did I miss $CMG last December. I got $ba $lmt $msft $googl at on fireworks sale in December and missed $CMG. 80% OF Americans are fat so double down on $cmg $md @jennyvarela1 @IceBlueSun,-0.051851851851851864,0,2,0,0,0,0,0,0,0,0,1,6,2,0,5,0,0,0,0,0,0,0,0,0.0,0.0,0.0,0.0
15,2019-02-06 17:46:34,Gravity Points Loom Large In A Market Poised To Move $SPX $SPY $VIX $XLF $TNX $GOOGL $AMZN $DIS  https://goo.gl/qGxPMx¬†,0.21428571428571427,0,0,1,0,0,0,0,1,0,1,0,0,0,0,0,0,0,0,0,0,0,0,0,0.0,0.0,0.0,0.0
16,2019-02-06 17:44:34,"Wed (2/6/19) highest % above OR 30-min high for Put options expiring thru next week, Up/Avg Gain of today's thirteen 30-min bars & G/L % in final 30-Min (Stock Min $20, Opt Vol in any strike > 500, Delta > -.50): $GOOGL $AMTD $SCHW $AMZN $I $MS $DIS $AMD $PDD pic.twitter.com/c7oAHF6zTb",0.0,0,0,1,0,0,0,0,0,0,0,0,0,0,0,1,0,0,0,0,0,0,0,0,0.0,0.0,0.0,0.0
18,2019-02-06 17:30:57,"Did you catch @TraderDanielle on @BoomBustRT yesterday? She & @BartChilton discussed recent earnings reports from $GOOGL $ADM $BP & $DIS, & what traders should be watching with these companies going forward. Check it out!  https://bit.ly/2t9lsb1¬† #SimplerTrading #FemalesInFinance",0.0,0,0,1,0,0,0,0,0,0,0,0,0,0,0,1,0,0,0,0,0,0,0,0,0.0,0.0,0.0,0.0
19,2019-02-06 17:30:11,ACTIVE TRADERS Try one of these FREE trading guides:   http://ow.ly/X91E30nzZYS¬† $NFLX $TSLA $AAPL $JWN $GS $FB $AMZN $GOOGL $NVDA,0.13333333333333336,0,0,1,0,0,0,0,1,1,1,1,0,0,1,2,0,0,0,0,0,0,0,1,0.0,0.0,0.0,-0.13333333333333333
20,2019-02-06 17:29:09,"Feb 06 Wednesday, $GOOGL closed $1,122.89",-0.1,0,0,0,0,0,0,0,0,0,0,1,0,0,0,0,0,0,0,0,0,0,0,0,0.0,0.0,0.0,0.0
21,2019-02-06 17:26:28,"Microsoft Build 2019 is set for May. Will we hear more about Windows Core OS?  Microsoft Build 2018 is officially set for May in Seattle, where it‚Äôs expected to discuss what‚Äôs next across its various products and platforms. It arrives in the same week and overlaps with Googl‚Ä¶",0.08,0,0,0,0,0,0,0,0,0,1,1,3,2,2,1,0,0,0,0,0,0,0,0,0.0,0.0,0.0,0.0
22,2019-02-06 17:24:02,Sounds like Canto pronouciation??? Googl e?????,0.0,0,0,0,1,0,0,0,0,0,0,0,0,0,0,2,0,0,0,0,0,0,0,0,0.0,0.0,0.0,0.0
23,2019-02-06 17:21:51,"Hi Raoul, are you still bearish on $GOOGL? Just curious if you still were after recent earnings. or was that merely a macro advertizing call?",-0.19999999999999998,0,0,0,0,0,0,0,0,0,0,2,2,4,1,2,0,0,0,0,1,1,0,0,-0.1,-0.5,0.0,0.0
24,2019-02-06 17:04:56,#Options #maxpain chart for $GOOGL. Free options app  http://www.mobileinteractive.com/superstocks¬† pic.twitter.com/jQIgmTgOZt,0.0,0,0,1,0,0,0,0,0,0,0,0,0,0,0,1,0,0,0,0,0,0,0,0,0.0,0.0,0.0,0.0
25,2019-02-06 17:04:11,"Alphabet Inc.(""Google"") - Class A (GOOGL) price at close, 2019-02-06, is 1120.87. #RoboticSurgery #Stockstowatch",0.0,2,0,0,0,0,0,0,0,0,0,0,2,0,0,4,0,0,0,0,0,0,0,0,0.0,0.0,0.0,0.0
26,2019-02-06 17:03:05,"$SPOT $AMZN $AAPL $GOOGL $FB:  3 Things to Know at Market Close: Spotify, Tax Prep and Big Tech:   https://www.StockNewsWires.com/spot-amzn-aapl-googl-fb-3-things-to-know-at-market-close-spotify-tax-prep-and-big-tech/¬†‚Ä¶",0.0,0,0,1,0,0,0,0,0,0,0,0,0,0,0,0,0,0,0,0,0,0,0,0,0.0,0.0,0.0,0.0
27,2019-02-06 17:02:58,"Alphabet Inc.(""Google"") - Class A (GOOGL) price at close, 2019-02-06, is 1120.87.",0.0,0,0,0,0,0,0,0,0,0,0,0,2,0,0,2,0,0,0,0,0,0,0,0,0.0,0.0,0.0,0.0
28,2019-02-06 17:02:49,"Alphabet Inc.(""Google"") - Class A (GOOGL) price at close, 2019-02-06, is 1120.87.  pic.twitter.com/HdeSDEb7kq",0.0,0,0,1,0,0,0,0,0,0,0,0,0,0,0,1,0,0,0,0,0,0,0,0,0.0,0.0,0.0,0.0
29,2019-02-06 17:00:46,Don't miss our next FREE OPTION TRADE.  Sign up for our Daily Free Trades at  http://ow.ly/AN4r30nzZYR¬† $NVDA $TSLA $GS $REGN $BAC $GOOGL $FB,0.2,0,0,1,1,0,0,0,2,0,2,0,1,0,1,0,0,0,0,0,0,0,0,0,0.0,0.0,0.0,0.0
30,2019-02-06 16:55:13,Lol no. @option_snipper wants a paid service but places you in bad trades. Amzn Googl 2 right there. Gl,0.14642857142857146,0,1,0,1,0,0,0,1,0,3,1,2,2,0,3,0,1,0,0,1,0,0,0,-0.6999999999999998,0.2857142857142857,0.0,0.0
31,2019-02-06 16:47:43,üîπ $APPL üîπ$AMZN üîπ$GOOGL üîπ$MSFT üîπ$IBM üîπ$FB üîπ$NFLX  $SPY $QQQ #Stocks #News https://twitter.com/JonErlichman/status/1093263692987289600¬†‚Ä¶,0.0,0,0,1,0,0,0,0,0,0,0,0,0,0,0,1,0,0,0,0,0,0,0,0,0.0,0.0,0.0,0.0
32,2019-02-06 16:46:14,S&P 500 Halts Win Streak As Stock Market Takes A Breather | Investor's Business Daily  http://ow.ly/9kXD30nBIgA¬† $GOOGL $MCHP $EA,0.4,0,0,1,0,0,0,0,1,0,1,0,0,0,0,0,0,0,0,0,0,0,0,0,0.0,0.0,0.0,0.0
33,2019-02-06 16:44:17,"The Top 10 Trends in Digital Media 2019 (AMZN, GOOGL, FB)  https://buff.ly/2QzczRh¬†",0.25,0,0,1,0,0,0,0,1,0,1,0,1,0,0,1,1,0,0,0,0,0,0,0,0.5,0.0,0.0,0.0
34,2019-02-06 16:42:01,"The Top 10 Trends in Digital Media 2019 (AMZN, GOOGL, FB)  https://buff.ly/2QzczRh¬†",0.25,0,0,1,0,0,0,0,1,0,1,0,1,0,0,1,1,0,0,0,0,0,0,0,0.5,0.0,0.0,0.0
35,2019-02-06 16:40:54,Read the truth about making money with stock options:   https://bit.ly/2Gqtlk4¬† $SPX $SPY $NDX $QQQ #SP500 #NASDAQ $NTFLX $AMZN $FB $GOOGL $FANG $VIX $GS $JPM $BAC $UBS,0.0,2,0,1,0,0,0,0,0,0,0,0,0,0,2,3,0,0,0,0,0,0,0,0,0.0,0.0,0.0,0.0
37,2019-02-06 16:30:12,ACTIVE TRADERS Try one of these FREE trading guides:   http://ow.ly/pKiW30nzZYQ¬† $NFLX $TSLA $AAPL $BIDU $GS $FB $AMZN $GOOGL $NVDA,0.13333333333333336,0,0,1,0,0,0,0,1,1,1,1,0,0,1,2,0,0,0,0,0,0,0,1,0.0,0.0,0.0,-0.13333333333333333
38,2019-02-06 16:29:01,FB At Inflection Point + FAANG Review - GOOGL Trend Fans Still In Play  https://buff.ly/2MRIdJo¬† #stocks #options #commodities #forex #futures #education #HimaReddy #skinnyonthemini #FAANGupdate pic.twitter.com/w7jqdGf0yK,0.0,0,0,1,0,0,0,0,0,0,0,0,0,0,0,1,0,0,0,0,0,0,0,0,0.0,0.0,0.0,0.0
39,2019-02-06 16:29:01,FB At Inflection Point + FAANG Review - GOOGL Trend Fans Still In Play  https://buff.ly/2MRIdJo¬† #stocks #options #commodities #forex #futures #education #HimaReddy #skinnyonthemini #FAANGupdate pic.twitter.com/t4UmkL9vls,0.0,0,0,1,0,0,0,0,0,0,0,0,0,0,0,1,0,0,0,0,0,0,0,0,0.0,0.0,0.0,0.0
40,2019-02-06 16:20:50,Waymo One passengers reveal what it‚Äôs really like to ride in Alphabet‚Äôs self-driving taxis¬†(GOOGL)  https://factsand.news/2019/02/06/tech/waymo-one-passengers-reveal-what-its-really-like-to-ride-in-alphabets-self-driving-taxis-googl/¬†‚Ä¶ pic.twitter.com/OGuG4zp6Xq,0.0,0,0,1,0,0,0,0,0,0,0,0,0,0,0,1,0,0,0,0,0,0,0,0,0.0,0.0,0.0,0.0
41,2019-02-06 16:20:10,#FAANG Stocks Overview:  https://techniquant.com/reports/market-reports/faang/2019-02-06/¬†‚Ä¶ $AAPL 174.24 (+0.03%) $FB 170.49 (-0.39%) $NFLX 352.19 (-1.02%) $AMZN 1640.26 (-1.12%) $GOOGL 1122.89 (-2.52%) #FAANGS,0.0,1,0,1,0,0,0,0,0,0,0,0,0,0,0,1,0,0,0,0,0,0,0,0,0.0,0.0,0.0,0.0
42,2019-02-06 16:17:46,"How smart is your fridge? Smart appliances have built-in sensors to tell consumers when to buy more groceries ‚Äî or even buy them automatically (AMZN, TGT, GOOGL, WMT, GE)  https://read.bi/2Rc9MBL¬†",0.30952380952380953,0,0,1,0,0,0,0,1,0,3,0,2,2,3,2,1,0,0,0,0,0,0,0,0.21428571428571427,0.0,0.0,0.0
43,2019-02-06 16:17:32,"How smart is your fridge? Smart appliances have built-in sensors to tell consumers when to buy more groceries ‚Äî or even buy them automatically (AMZN, TGT, GOOGL, WMT, GE)  https://read.bi/2AdLzBZ¬†",0.30952380952380953,0,0,1,0,0,0,0,1,0,3,0,2,2,3,2,1,0,0,0,0,0,0,0,0.21428571428571427,0.0,0.0,0.0
44,2019-02-06 16:16:58,"How smart is your fridge? Smart appliances have built-in sensors to tell consumers when to buy more groceries ‚Äî or even buy them automatically (AMZN, TGT, GOOGL, WMT, GE)  https://read.bi/2Rc9MBL¬†",0.30952380952380953,0,0,1,0,0,0,0,1,0,3,0,2,2,3,2,1,0,0,0,0,0,0,0,0.21428571428571427,0.0,0.0,0.0
45,2019-02-06 16:16:13,"10 Things To Know. How smart is your fridge? Smart appliances have built-in sensors to tell consumers when to buy more groceries ‚Äî or even buy them automatically (AMZN, TGT, GOOGL, WMT, GE)  https://read.bi/2Rc9MBL¬†",0.30952380952380953,0,0,1,1,0,0,0,1,0,3,0,2,2,4,2,1,0,0,0,0,0,0,0,0.21428571428571427,0.0,0.0,0.0
46,2019-02-06 16:13:42,"How smart is your fridge? Smart appliances have built-in sensors to tell consumers when to buy more groceries ‚Äî or even buy them automatically (AMZN, TGT, GOOGL, WMT, GE)  https://read.bi/2Rc9MBL¬† johnangel1977",0.30952380952380953,0,0,1,0,0,0,0,1,0,3,0,2,2,3,2,1,0,0,0,0,0,0,0,0.21428571428571427,0.0,0.0,0.0
47,2019-02-06 16:09:49,$IRBT rocking... weekly chart posted earlier in this thread  89 close -> allready 103$ in AH on great earnings  110 calls .80 (small) ..   $GOOGL $QQQ $AAPl $TSLA,0.18333333333333335,0,0,0,0,0,0,0,0,0,1,1,6,0,0,4,1,0,0,0,1,0,0,0,0.55,0.0,0.0,0.0
48,2019-02-06 16:07:27,"2) I had thought the emergent Oasis like characteristics of Fortnite were happenstance/luck, but they are clearly part of a carefully considered plan.  And it doesn‚Äôt sound like $FB or $GOOGL will be able to acquire Epic, although 40% owner $TCEHY does partially monetize via ads.",0.15,0,0,0,0,0,0,0,1,0,4,2,4,3,3,5,1,1,0,1,0,2,0,0,0.5,-0.09999999999999999,0.0,0.4
49,2019-02-06 16:06:02,Today's million dollar CALL #options trade: $AAPL $AMZN $CRON $GM $GOOGL $ILMN $MU $TSLA $BA $DIS $FDX $F $CACC $ORCL $SNAP $SWKS $ZEN $MHK $BABA $NFLX ... https://appsto.re/i6hH3LG¬†,0.0,1,0,1,0,0,0,0,0,0,0,0,0,0,0,4,0,0,0,0,0,0,0,0,0.0,0.0,0.0,0.0
50,2019-02-06 16:05:28,$googl HUGE red day...h&s came thru today...as did 200ma resistance on $SPX,0.20000000000000004,0,0,0,0,0,0,0,1,0,1,0,0,1,0,5,0,0,0,0,0,0,0,0,0.0,0.0,0.0,0.0
51,2019-02-06 16:05:05,$GOOGL last minute volume 309k.  Averages about 2k/min.,0.0,0,0,0,0,0,0,0,0,0,0,0,1,0,0,2,0,0,0,0,0,0,0,0,0.0,0.0,0.0,0.0
52,2019-02-06 16:00:58,251 Profit-Packed Option Trades Yearly--Delivered to Your Inbox Daily--FREE!  http://ow.ly/uqZd30nzZYP¬† $BABA $GOOGL $TSLA $BIDU,0.0,0,0,1,0,0,0,0,1,0,1,0,3,0,0,0,1,0,0,0,0,0,0,0,0.4,0.0,0.0,0.0
53,2019-02-06 16:00:00,Trading options for the Long Run [Best Practice Guide in Position Sizing]  $SPX $QQQ $SPY $AAPL. $BA $NVDA $MU $INTC $AMZN $GOOGL $ROKU   Link:  https://youtu.be/y9VsFOXyFTI¬† #Daytrading #Stocks #Gold #Commodities #News #Business #Investing #Finance #NYSE #NASDAQ,0.475,10,0,1,0,0,0,0,1,1,1,1,0,0,0,3,0,0,0,0,0,0,0,0,0.0,0.0,0.0,0.0
54,2019-02-06 15:57:56,"As Old Point Financial Corporatio $OPOF Valuation Declined, Old Point Trust & Financial Services N A Lifted by $1.06 Million Its Position; Horrell Capital Management Maintains Holding in Google Cl A $GOOGL  https://yomiblog.com/2019/02/06/as-old-point-financial-corporatio-opof-valuation-declined-old-point-trust-horrell-capital-management-maintains-holding-in-google-cl-a/¬†‚Ä¶",0.0,0,0,1,0,0,0,0,0,0,0,0,0,0,0,1,0,0,0,0,0,0,0,0,0.0,0.0,0.0,0.0
56,2019-02-06 15:51:48,bought GOOGL febr 1185 1.8 (see how week unfolds),0.0,0,0,0,0,0,0,0,0,0,0,0,0,0,1,2,0,0,0,0,0,0,0,0,0.0,0.0,0.0,0.0
57,2019-02-06 15:43:16,Spotify takes a big jump into the podcasting game $GOOGL #GOOGL #Technology #Music #Podcasting https://www.marketbeat.com/n/4050663/¬†,0.0,0,0,1,0,0,0,0,0,0,0,0,0,0,0,1,0,0,0,0,0,0,0,0,0.0,0.0,0.0,0.0
58,2019-02-06 15:43:13,Spotify takes a big jump into the podcasting game $GOOGL #GOOGL #Technology #Music #Podcasting  http://zpr.io/gZCj7¬†,-0.2,4,0,1,0,0,0,0,0,0,0,1,2,0,0,3,0,0,0,0,0,0,0,1,0.0,0.0,0.0,-0.4
59,2019-02-06 15:38:21,$NFLX 360 calls 1.3  $GOOGL 1147.5 calls 1.75  allready long $MMM 205 calls .15 chart) and $IRBT febr 110 calls .8 (earnings),-0.05,0,0,0,0,0,0,0,0,0,0,1,2,1,0,2,0,0,0,0,0,1,0,0,0.0,-0.05,0.0,0.0
60,2019-02-06 15:34:55,Afternoon Price Volume Leaders $AMZN $AAPL $NVDA $EA $NFLX $GOOGL $FB See the full list at  http://Barchart.com¬†  https://www.barchart.com/stocks/most-active/price-volume-leaders¬†‚Ä¶ pic.twitter.com/CJbJQY9ozd,0.0,0,0,1,0,0,0,0,0,0,0,0,0,0,0,1,0,0,0,0,0,0,0,0,0.0,0.0,0.0,0.0
61,2019-02-06 15:30:17,ACTIVE TRADERS Try one of these FREE trading guides:   http://ow.ly/5vtX30nzZYM¬† $NFLX $TSLA $AAPL $PCLN $GS $FB $AMZN $GOOGL $NVDA,0.13333333333333336,0,0,1,0,0,0,0,1,1,1,1,0,0,1,2,0,0,0,0,0,0,0,1,0.0,0.0,0.0,-0.13333333333333333
62,2019-02-06 15:29:48,thank u googl I'm going to eat a lot of olives now,0.0,0,0,0,1,0,0,0,0,0,0,0,1,0,2,3,0,0,0,0,0,0,0,0,0.0,0.0,0.0,0.0
63,2019-02-06 15:28:14,"Alphabet (GOOGL) (GOOG) PT Lowered to $1,300 at RBC Capital  http://www.streetinsider.com/Analyst+Comments/Alphabet+%28GOOGL%29+%28GOOG%29+PT+Lowered+to+%241%2C300+at+RBC+Capital/15079194.html¬†‚Ä¶ via @Street_Insider",0.0,0,0,1,0,0,0,0,0,0,0,0,0,0,0,1,0,0,0,0,0,0,0,0,0.0,0.0,0.0,0.0
64,2019-02-06 15:27:09,"Alphabet (GOOGL) PT Lowered to $1,100 at BMO Capital  http://www.streetinsider.com/Analyst+PT+Change/Alphabet+%28GOOGL%29+PT+Lowered+to+%241%2C100+at+BMO+Capital/15079427.html¬†‚Ä¶ via @Street_Insider",0.0,0,0,1,0,0,0,0,0,0,0,0,0,0,0,1,0,0,0,0,0,0,0,0,0.0,0.0,0.0,0.0
66,2019-02-06 15:25:47,what did u think all this time i've been actually counting? GBYDGFGRRD no i just googl  it,0.0,0,0,0,1,0,0,0,0,0,0,0,2,2,3,1,0,0,0,0,0,0,0,0,0.0,0.0,0.0,0.0
67,2019-02-06 15:24:13,$GOOGL loaded  pic.twitter.com/ONQBoXieEh,0.0,0,0,1,0,0,0,0,0,0,0,0,0,0,0,0,0,0,0,0,0,0,0,0,0.0,0.0,0.0,0.0
68,2019-02-06 15:23:16,GOOGL....it was a joke..,0.0,0,0,0,0,0,0,0,0,0,0,0,0,0,0,2,0,0,0,0,0,0,0,0,0.0,0.0,0.0,0.0
69,2019-02-06 15:21:51,"Afternoon Most Tweeted Big Caps, check out Gambiste Top 10: $MTCH $WYNN $CGC $CXO $STZ $CL $BABA $IBM $GOOGL $QQQ http://gambiste.com/index.php/stock-data/¬†‚Ä¶",0.0,0,0,1,0,0,0,0,0,0,0,0,0,0,0,1,0,0,0,0,0,0,0,0,0.0,0.0,0.0,0.0
70,2019-02-06 15:21:11,"$GOOGL still long biased,  new tech leader to be ?  #aex #beleggen #charts #ftse $SPy $SPX $VIX pic.twitter.com/VMC4loBJv2",0.0,0,0,1,0,0,0,0,0,0,0,0,0,0,0,0,0,0,0,0,0,0,0,0,0.0,0.0,0.0,0.0
71,2019-02-06 15:17:33,$GOOGL historically traded in range of ~12x-28x w/ avg of ~19.6x & standard deviation of ~3.9x during past decade.,-0.08333333333333333,0,0,0,0,0,0,0,0,0,0,1,4,1,0,5,0,0,0,0,1,0,0,0,-0.25,0.0,0.0,0.0
72,2019-02-06 15:16:48,$GOOGL reversing from this 1120 support....,0.0,0,0,0,0,0,0,0,0,0,0,0,0,0,0,1,0,0,0,0,0,0,0,0,0.0,0.0,0.0,0.0
73,2019-02-06 15:16:12,$GOOGL signs of life and a bit more volume.,0.5,0,0,0,0,0,0,0,0,0,1,0,0,1,0,2,0,0,0,0,0,0,0,0,0.0,0.0,0.0,0.0
74,2019-02-06 15:15:00,Survey: Smart Speakers Quickly Becoming Ubiquitous In American Households  https://benzinga.com/z/13100567¬† $AAPL $AMZN $GOOGL,0.0,0,0,1,0,0,0,0,0,0,0,0,0,0,0,1,0,0,0,0,0,0,0,0,0.0,0.0,0.0,0.0
75,2019-02-06 15:11:03,$GOOGL - Alphabet's Verily Joins Health Care Cos. to Fight Opioid Addiction  http://ih.advfn.com/stock-market/NASDAQ/GOOGL/stock-news/Alphabets-Verily-Joins-Health-Care-Cos-to-Fight-O/79202572?adw=1126416¬†‚Ä¶,0.0,0,0,1,0,0,0,0,0,0,0,0,0,0,0,0,0,0,0,0,0,0,0,0,0.0,0.0,0.0,0.0
77,2019-02-06 15:07:53,$FB Is Alphabet (GOOGL) a Buy After Strong Q4 Results?  http://bit.ly/2Svm5tD¬†,0.4333333333333333,0,0,1,0,0,0,0,1,0,1,0,0,0,0,1,0,0,0,0,0,0,0,0,0.0,0.0,0.0,0.0
78,2019-02-06 15:07:46,Waymo One passengers reveal what it's really like to ride in Alphabet's self-driving taxis (GOOGL)  https://read.bi/2RJPMmb¬†,0.2,0,0,1,0,0,0,0,0,0,1,0,2,1,1,2,0,1,0,0,0,0,0,0,0.0,0.2,0.0,0.0
79,2019-02-06 15:07:36,Waymo One passengers reveal what it's really like to ride in Alphabet's self-driving taxis (GOOGL)  https://read.bi/2Sw6Z7a¬†,0.2,0,0,1,0,0,0,0,0,0,1,0,2,1,1,2,0,1,0,0,0,0,0,0,0.0,0.2,0.0,0.0
81,2019-02-06 15:06:52,10 Things To Know. Waymo One passengers reveal what it's really like to ride in Alphabet's self-driving taxis (GOOGL)  https://read.bi/2RJPMmb¬†,0.2,0,0,1,1,0,0,0,0,0,1,0,2,1,2,2,0,1,0,0,0,0,0,0,0.0,0.2,0.0,0.0
82,2019-02-06 15:06:38,Waymo One passengers reveal what it's really like to ride in Alphabet's self-driving taxis (GOOGL)  https://read.bi/2RJPMmb¬†,0.2,0,0,1,0,0,0,0,0,0,1,0,2,1,1,2,0,1,0,0,0,0,0,0,0.0,0.2,0.0,0.0
84,2019-02-06 15:04:35,The World's Most Innovative Companies 2018 - by R&D spend $AMZN $GOOGL #VW #Samsung $INTC $MSFT   Limestone can insure this investment is more efficiently spent. We'll show you how   https://howmuch.net/articles/the-worlds-most-innovative-companies¬†‚Ä¶,0.0,0,0,1,0,0,0,0,0,0,0,0,0,0,0,1,0,0,0,0,0,0,0,0,0.0,0.0,0.0,0.0
85,2019-02-06 15:03:46,Waymo One passengers reveal what it's really like to ride in Alphabet's self-driving taxis (GOOGL)  https://read.bi/2RJPMmb¬† johnangel1977,0.2,0,0,1,0,0,0,0,0,0,1,0,2,1,1,2,0,1,0,0,0,0,0,0,0.0,0.2,0.0,0.0
86,2019-02-06 15:02:09,"President Trump Preparing Plan To Boost AI, 5G Technology In Competition With China ‚Äì WSJ    https://www.wsj.com/articles/trump-preparing-plan-to-boost-ai-5g-technology-11549474459?mod=searchresults&page=1&pos=1¬†‚Ä¶ ‚Ä¶  $XLNX $SWKS $AMZN $GOOGL $AAPL $FB",0.0,0,0,1,0,0,0,0,0,0,0,0,0,0,0,1,0,0,0,0,0,0,0,0,0.0,0.0,0.0,0.0
87,2019-02-06 15:01:24,Don't miss our next FREE OPTION TRADE.  Sign up for our Daily Free Trades at  http://ow.ly/L7XV30nzZYL¬† $NVDA $TSLA $GS $ORCL $BAC $GOOGL $FB,0.2,0,0,1,1,0,0,0,2,0,2,0,1,0,1,0,0,0,0,0,0,0,0,0,0.0,0.0,0.0,0.0
88,2019-02-06 15:00:28,"#GOOGL Daily: $GOOGL did breakout past 200MA (earnings), however clock is running down on bull move at it hits purple TL. MACD/Stochs both in their final thrust up. Once yellow bull channel support & Stochs magenta fail, should flush hard.  $GOOG #GOOG #tech $FANG $FANGS pic.twitter.com/8tbjc4I4WN",0.0,0,0,1,0,0,0,0,0,0,0,0,0,0,0,1,0,0,0,0,0,0,0,0,0.0,0.0,0.0,0.0
89,2019-02-06 15:00:04,Waymo One passengers reveal what it's really like to ride in Alphabet's self-driving taxis (GOOGL)  http://dlvr.it/QyKtzM¬† pic.twitter.com/ymhIIUbZeL,0.0,0,0,1,0,0,0,0,0,0,0,0,0,0,0,1,0,0,0,0,0,0,0,0,0.0,0.0,0.0,0.0
90,2019-02-06 15:00:02,GOOGL Distribution as Small Funds Buy on Dip. Sideways below all-time high. Buy Side Institutions Influence Price/Volume  https://buff.ly/2GD2FxQ¬† pic.twitter.com/o2mDieqS0H,0.0,0,0,1,0,0,0,0,0,0,0,0,0,0,0,1,0,0,0,0,0,0,0,0,0.0,0.0,0.0,0.0
91,2019-02-06 14:58:32,Trades Updated: Not much action today except locking some gains in $GOOGL and $ZB. Have a great time everyone üôè  http://www.zenensys.com¬† https://goo.gl/bhBjSc¬†,0.0,0,0,1,0,0,0,0,0,0,0,0,0,0,0,1,0,0,0,0,0,0,0,0,0.0,0.0,0.0,0.0
92,2019-02-06 14:58:02,"Google spinoff Verily is building a 'tech-enabled' rehab center in Ohio to treat opioid addiction (GOOG, GOOGL)  http://dlvr.it/QyKtXM¬†",-0.1,0,0,1,1,0,0,0,0,0,0,1,3,0,1,4,0,0,0,0,0,0,0,1,0.0,0.0,0.0,-0.1
93,2019-02-06 14:57:43,I wonder how high it runs after the $GOOGL partnership pr comes out...$AMRH  https://twitter.com/ACInvestorBlog/status/1093236183134601217¬†‚Ä¶,0.0,0,0,1,0,0,0,0,0,0,0,0,0,0,0,1,0,0,0,0,0,0,0,0,0.0,0.0,0.0,0.0
94,2019-02-06 14:55:14,"Lookin for 1100 on $GOOGL, but that just me",0.0,0,0,0,0,0,0,0,0,0,0,0,0,1,0,0,0,0,0,0,0,0,0,0,0.0,0.0,0.0,0.0
95,2019-02-06 14:49:44,$GOOGL and $DIS are two stocks I have dissed analytically on @realmoney are faring poorly today post EPS.,-0.4,0,1,0,0,0,0,0,0,0,0,1,0,2,0,2,0,0,0,0,0,1,0,0,0.0,-0.4,0.0,0.0
96,2019-02-06 14:47:25,"‚Äú... I don‚Äôt even know how Buzz Aldrin gets on his flight uniform, the size of this guy‚Äôs balls...‚Äù  $GOOGL down despite this YouTube masterpiece.  https://twitter.com/JeffMacke/status/1092972159041859584¬†‚Ä¶",0.0,0,0,1,0,0,0,0,0,0,0,0,0,0,0,2,0,0,0,0,0,0,0,0,0.0,0.0,0.0,0.0
97,2019-02-06 14:39:30,"Dear Premium Members, updates on $AAPL, #Aaple, $AMZN, #Amazon, $FB, #Facebook, $GOOGL, #Google, $NFLX #Netflix, aka #FAANGs, were posted on the premium members updates page. Enjoy!  https://investingintelligent.com/premium-membership-login/¬†‚Ä¶ pic.twitter.com/4RRdLNP9KK",0.0,0,0,1,0,0,0,0,0,0,0,0,0,0,0,1,0,0,0,0,0,0,0,0,0.0,0.0,0.0,0.0
98,2019-02-06 14:38:01,"$GOOGL Pull back target is 1,0925. Triggered on the daily time frame today.",0.0,0,0,0,0,0,0,0,0,0,0,0,1,1,0,4,0,0,0,0,0,0,0,0,0.0,0.0,0.0,0.0
99,2019-02-06 14:37:21,"Google Cloud will help the Golden State Warriors play better basketball (GOOGL,¬†GOOG)  https://factsand.news/2019/02/06/tech/google-cloud-will-help-the-golden-state-warriors-play-better-basketball-googl-goog/¬†‚Ä¶ pic.twitter.com/cPkc4RV7Gr",0.0,0,0,1,0,0,0,0,0,0,0,0,0,0,0,1,0,0,0,0,0,0,0,0,0.0,0.0,0.0,0.0
100,2019-02-06 14:37:07,@StockBookie Do you see a support here on $GOOGL  I see a small support in 1118. But could go lower to fuill the gap downto 1099,-0.25,0,1,0,0,0,0,0,0,0,0,1,1,1,3,4,0,0,0,0,1,0,0,0,-0.25,0.0,0.0,0.0
101,2019-02-06 14:33:51,"Alphabet $GOOGL Given New $1,325.00 Price Target at Citigroup  http://zpr.io/gZFDV¬†",0.13636363636363635,0,0,1,0,0,0,0,1,0,1,0,0,0,0,0,0,0,0,0,0,0,0,0,0.0,0.0,0.0,0.0
102,2019-02-06 14:33:50,Alphabet $GOOGL Given ‚ÄúOverweight‚Äù Rating at Barclays  http://dakotafinancialnews.com/?p=818023¬†,0.0,0,0,1,0,0,0,0,0,0,0,0,0,0,0,1,0,0,0,0,0,0,0,0,0.0,0.0,0.0,0.0
103,2019-02-06 14:33:46,"Nomura Trims Alphabet $GOOGL Target Price to $1,310.00  http://zolmax.com/?p=2878772¬†",0.0,0,0,1,0,0,0,0,0,0,0,0,0,0,0,1,0,0,0,0,0,0,0,0,0.0,0.0,0.0,0.0
104,2019-02-06 14:33:35,"Alphabet $GOOGL Price Target Cut to $1,310.00 by Analysts at Nomura  http://www.dailypolitical.com/?p=2698759¬†",0.0,0,0,1,0,0,0,0,0,0,0,0,0,0,0,1,0,0,0,0,0,0,0,0,0.0,0.0,0.0,0.0
105,2019-02-06 14:31:56,DOES GOOGLE NOT GETTING THE SAME ‚ÄòPASS‚Äô AS AMAZON MAKE IT A BETTER INVESTMENT? $AMZN $GOOG $GOOGL $FB $AAPL $NFLX $SPY $QQQ $DJIA https://blog.thearorareport.com/does-google-not-getting-the-same-pass-as-amazon-make-it-a-better-investment-amzn-goog-googl-fb-aapl-nflx-spy-qqq-djia/¬†‚Ä¶,0.0,0,0,1,0,0,0,0,0,0,0,0,0,0,0,1,0,0,0,0,0,0,0,0,0.0,0.0,0.0,0.0
106,2019-02-06 14:31:28,"Alphabet $GOOGL Price Target Lowered to $1,100.00 at BMO Capital Markets  http://zpr.io/gZF8w¬†",0.0,0,0,1,0,0,0,0,0,0,0,0,0,0,0,0,0,0,0,0,0,0,0,0,0.0,0.0,0.0,0.0
107,2019-02-06 14:30:19,ACTIVE TRADERS Try one of these FREE trading guides:   http://ow.ly/oB8930nzZYJ¬† $NFLX $TSLA $AAPL $AXP $GS $FB $AMZN $GOOGL $NVDA,0.13333333333333336,0,0,1,0,0,0,0,1,1,1,1,0,0,1,2,0,0,0,0,0,0,0,1,0.0,0.0,0.0,-0.13333333333333333
109,2019-02-06 14:25:36,$GOOGL closed my puts to lock some profit (7x) when it reached lower bb band.  pic.twitter.com/EAdf2YheE3,0.0,0,0,1,0,0,0,0,0,0,0,0,0,0,0,1,0,0,0,0,0,0,0,0,0.0,0.0,0.0,0.0
110,2019-02-06 14:20:49,$GOOGL maybe a bearish engulfing.....,0.0,0,0,0,0,0,0,0,0,0,0,0,1,1,0,2,0,0,0,0,0,0,0,0,0.0,0.0,0.0,0.0
111,2019-02-06 14:18:01,$GOOG $GOOGL:  Alphabet Jumps Capital Spending As Well As R&D Spending:   https://www.StockNewsWires.com/goog-googl-alphabet-jumps-capital-spending-as-well-as-rd-spending/¬†‚Ä¶,0.0,0,0,1,0,0,0,0,0,0,0,0,0,0,0,1,0,0,0,0,0,0,0,0,0.0,0.0,0.0,0.0
112,2019-02-06 14:16:31,"$FB still very cheap on valuation basis - EV/EBITDA is ~15x compared to 17x for $GOOGL , which is much slower growth",0.0,0,0,1,0,0,0,0,0,0,0,0,0,0,0,0,0,0,0,0,0,0,0,0,0.0,0.0,0.0,0.0
113,2019-02-06 14:15:13,Watching $GOOGL for any sign of life.,0.0,0,0,0,0,0,0,0,0,0,0,0,0,0,0,2,0,0,0,0,0,0,0,0,0.0,0.0,0.0,0.0
114,2019-02-06 14:14:27,$Googl pulling back on a mixed market. I expected this on the day bc Powell speaks tonight.  https://twitter.com/Skywalk25806325/status/1092889691895009285¬†‚Ä¶,0.0,0,0,1,0,0,0,0,0,0,0,0,0,0,0,1,0,0,0,0,0,0,0,0,0.0,0.0,0.0,0.0
115,2019-02-06 14:12:57,#Renault #Nissan #Mitsubishi #Googl #alliance #partner #SelfDrivingCars #Waymo  https://asia.nikkei.com/Business/Companies/Nissan-Renault-alliance-to-join-Google-on-self-driving-cars¬†‚Ä¶,0.0,0,0,1,0,0,0,0,0,0,0,0,0,0,0,1,0,0,0,0,0,0,0,0,0.0,0.0,0.0,0.0
116,2019-02-06 14:12:34,"Google spinoff Verily is building a 'tech-enabled' rehab center in Ohio to treat opioid addiction (GOOG, GOOGL)  https://read.bi/2SbflBP¬†",-0.1,0,0,1,1,0,0,0,0,0,0,1,3,0,1,4,0,0,0,0,0,0,0,1,0.0,0.0,0.0,-0.1
117,2019-02-06 14:11:24,$GOOGL right on our  pivot levels:  Below 1144 is $1123 - $1116 support  pic.twitter.com/55oYfuS0jo,0.0,0,0,1,0,0,0,0,0,0,0,0,0,0,0,1,0,0,0,0,0,0,0,0,0.0,0.0,0.0,0.0
118,2019-02-06 14:11:02,"Google spinoff Verily is building a 'tech-enabled' rehab center in Ohio to treat opioid addiction (GOOG, GOOGL)  http://dlvr.it/QyKkZj¬†",-0.1,0,0,1,1,0,0,0,0,0,0,1,3,0,1,4,0,0,0,0,0,0,0,1,0.0,0.0,0.0,-0.1
119,2019-02-06 14:10:59,"GOOGL, AMZN and MSFT all hit like this and NQ is only -20bps. All semis.",0.0,0,0,0,0,0,0,0,0,0,0,0,1,1,0,1,0,0,0,0,0,0,0,0,0.0,0.0,0.0,0.0
120,2019-02-06 14:09:19,"These Stocks Are Amazon's Biggest Competitors @themotleyfool #stocks $AMZN, $EBAY, $MSFT, $GOOG, $ETSY, $TGT, $FDX, $NFLX, $WMT, $ESRX, $GOOGL, $UPS, $COST, $AAPL https://www.fool.com/investing/2019/02/06/who-are-amazons-biggest-competitors.aspx¬†‚Ä¶",0.0,0,0,1,0,0,0,0,0,0,0,0,0,0,0,1,0,0,0,0,0,0,0,0,0.0,0.0,0.0,0.0
121,2019-02-06 14:07:06,"Google spinoff Verily is building a 'tech-enabled' rehab center in Ohio to treat opioid addiction (GOOG, GOOGL)  https://read.bi/2SwDge9¬†",-0.1,0,0,1,1,0,0,0,0,0,0,1,3,0,1,4,0,0,0,0,0,0,0,1,0.0,0.0,0.0,-0.1
122,2019-02-06 14:07:02,Looking forward to learning more about Kurian's goals for Google Cloud. $GOOG $GOOGL  pic.twitter.com/4y5J04xgDZ,0.0,0,0,1,0,0,0,0,0,0,0,0,0,0,0,1,0,0,0,0,0,0,0,0,0.0,0.0,0.0,0.0
123,2019-02-06 14:06:37,"Google spinoff Verily is building a 'tech-enabled' rehab center in Ohio to treat opioid addiction (GOOG, GOOGL)  https://read.bi/2SwDge9¬†",-0.1,0,0,1,1,0,0,0,0,0,0,1,3,0,1,4,0,0,0,0,0,0,0,1,0.0,0.0,0.0,-0.1
124,2019-02-06 14:06:23,"10 Things To Know. Google spinoff Verily is building a 'tech-enabled' rehab center in Ohio to treat opioid addiction (GOOG, GOOGL)  https://read.bi/2SwDge9¬†",-0.1,0,0,1,2,0,0,0,0,0,0,1,2,0,3,5,0,0,0,0,0,0,0,1,0.0,0.0,0.0,-0.1
126,2019-02-06 14:05:05,"Google spinoff Verily is building a 'tech-enabled' rehab center in Ohio to treat opioid addiction (GOOG, GOOGL)  http://dlvr.it/QyKjcj¬† pic.twitter.com/aYRKbi6gMO",0.0,0,0,1,0,0,0,0,0,0,0,0,0,0,0,1,0,0,0,0,0,0,0,0,0.0,0.0,0.0,0.0
127,2019-02-06 14:03:55,"$AMZN  http://schrts.co/bSUVBkQQ¬†  completely no momentum here, but ,  the 60 min stochastics look like it may be ready to turn so am watching for the possibility of an afternoon rally or else we may just sleep all afternoon. $NFLX $SPY $TQQQ $QQQ $GOOGL",0.0,0,0,1,0,0,0,0,0,0,0,0,0,0,0,1,0,0,0,0,0,0,0,0,0.0,0.0,0.0,0.0
128,2019-02-06 14:03:55, http://tracking.feedpress.it/link/13962/11047828¬†‚Ä¶ Google: No Fixed Time Frame for Ranking Changes After Site Improvements by @MattGSouthern‚Äì Google's John Mueller stated there's no fixed time frame for ranking changes after improvements have been made to a site.The post Googl...  pic.twitter.com/ZlKYSmwkoc,0.0,0,0,1,0,0,0,0,0,0,0,0,0,0,0,1,0,0,0,0,0,0,0,0,0.0,0.0,0.0,0.0
129,2019-02-06 14:03:49, http://tracking.feedpress.it/link/13962/11047971¬†‚Ä¶ Google Will Eventually Move Robots.txt Testing Tool to New Search Console by @MattGSouthern‚Äì Google's John Mueller stated the robots.txt testing tool will eventually be moved to the new version of Search Console.The post Googl...  pic.twitter.com/xOpcisoosh,0.0,0,0,1,0,0,0,0,0,0,0,0,0,0,0,1,0,0,0,0,0,0,0,0,0.0,0.0,0.0,0.0
130,2019-02-06 14:03:33,"Google spinoff Verily is building a 'tech-enabled' rehab center in Ohio to treat opioid addiction (GOOG, GOOGL)  https://read.bi/2SwDge9¬† johnangel1977",-0.1,0,0,1,1,0,0,0,0,0,0,1,3,0,1,4,0,0,0,0,0,0,0,1,0.0,0.0,0.0,-0.1
131,2019-02-06 13:59:57,$GOOGL breaking new lows...,0.13636363636363635,0,0,0,0,0,0,0,0,0,1,0,1,0,0,0,1,0,0,0,0,0,0,0,0.13636363636363635,0.0,0.0,0.0
132,2019-02-06 13:59:26,$GOOGL gotta hold right here. All post-ER dip buyers about to go underwater. REF: 1122.50.,0.2857142857142857,0,0,0,0,0,0,0,0,0,1,0,2,2,1,4,0,0,0,1,0,0,0,0,0.0,0.0,0.0,0.2857142857142857
133,2019-02-06 13:55:47,$GOOGL 60 minute broadening formation going inside 60 down. Been a good one since earnings #TheStrat Down up down pic.twitter.com/k6urWRFS5x,0.0,0,0,1,0,0,0,0,0,0,0,0,0,0,0,0,0,0,0,0,0,0,0,0,0.0,0.0,0.0,0.0
134,2019-02-06 13:49:14,$GOOG $GOOGL Alphabet is taking on health care with a bunch of ambitious projects  http://bit.ly/2WEyA5g¬†,0.25,0,0,1,0,0,0,0,0,0,1,0,1,0,0,3,1,0,0,0,0,0,0,0,0.25,0.0,0.0,0.0
135,2019-02-06 13:47:20,1200 for Googl coming soon Sal.,0.0,0,0,1,0,0,0,0,0,0,0,0,0,0,0,0,0,0,0,0,0,0,0,0,0.0,0.0,0.0,0.0
136,2019-02-06 13:45:49,Mid-Week Stock Market Outlook: It‚Äôs Getting Hot In Here! -->  https://www.seeitmarket.com/mid-week-stock-market-outlook-getting-hot-18943/¬†‚Ä¶  article by @BrandonVanZee $SPY $QQQ $IWM $GLD $USO $UUP $GOOGL,0.0,0,0,1,0,0,0,0,0,0,0,0,0,0,0,1,0,0,0,0,0,0,0,0,0.0,0.0,0.0,0.0
137,2019-02-06 13:44:27,"A Geezer$ Alert :  GOOG,GOOGL: Alphabet Jumps Capital Spending As Well As R&D Spending  https://goo.gl/fb/RRbf9G¬†",0.0,0,0,1,0,0,0,0,0,0,0,0,0,0,0,1,0,0,0,0,0,0,0,0,0.0,0.0,0.0,0.0
138,2019-02-06 13:41:12,"Alphabet $GOOGL PT Lowered to $1,350.00   http://theenterpriseleader.com/?p=1861134¬†",0.0,0,0,1,0,0,0,0,0,0,0,0,0,0,0,1,0,0,0,0,0,0,0,0,0.0,0.0,0.0,0.0
139,2019-02-06 13:39:57,"Alphabet $GOOGL Given New $1,300.00 Price Target at Royal Bank of Canada  http://dakotafinancialnews.com/?p=817844¬†",0.0,0,0,1,0,0,0,0,0,0,0,0,0,0,0,1,0,0,0,0,0,0,0,0,0.0,0.0,0.0,0.0
140,2019-02-06 13:38:35,It‚Äôs still around b/c the stock market (particularly tech) is still fueled by cheap money. Definitely some sort of risk asset bubble in the US. Still around because companies like $AAPL ($245b) and $MSFT ($127b) and $GOOGL ($109b) and $AMZN ($41b) and $FB (41b) have $$$ to spend.,0.0,0,0,1,0,0,0,0,0,0,0,0,0,0,0,0,0,0,0,0,0,0,0,0,0.0,0.0,0.0,0.0
141,2019-02-06 13:38:16,"$ZEN not looking good here on this breakout reversal so far. We have very profitable long swings at our hands but bearish clues start to pile up. Biggest one is the sluggish action of the big techs, e.g., $AMZN and $GOOGL.  pic.twitter.com/bdVk6YBfMm",0.0,0,0,1,0,0,0,0,0,0,0,0,0,0,0,1,0,0,0,0,0,0,0,0,0.0,0.0,0.0,0.0
142,2019-02-06 13:38:00,#Google Assistant‚Äôs interpreter mode is now available $GOOGL  https://www.theverge.com/2019/2/5/18212383/google-assistant-interpreter-mode-available-roll-out-home-smart-speaker-smart-display¬†‚Ä¶,0.0,0,0,1,0,0,0,0,0,0,0,0,0,0,0,1,0,0,0,0,0,0,0,0,0.0,0.0,0.0,0.0
143,2019-02-06 13:37:38,The Labor Department's appeal had been pending for more than a year. Agency lawyers are pointing to a new Trump-era compliance directive that focuses on transparency and cooperation. $GOOGL  http://bit.ly/2TvdKU1¬†,0.0,0,0,1,0,0,0,0,0,0,0,0,0,0,0,1,0,0,0,0,0,0,0,0,0.0,0.0,0.0,0.0
144,2019-02-06 13:36:41,$GOOG $GOOGL - Alphabet Jumps Capital Spending As Well As R&D Spending  https://seekingalpha.com/article/4238649-alphabet-jumps-capital-spending-well-r-and-d-spending?source=tweet¬†‚Ä¶,0.0,0,0,1,0,0,0,0,0,0,0,0,0,0,0,0,0,0,0,0,0,0,0,0,0.0,0.0,0.0,0.0
145,2019-02-06 13:32:57,YouTube $GOOGL > Netflix $NFLX,0.0,0,0,0,0,0,0,0,0,0,0,0,0,0,0,0,0,0,0,0,0,0,0,0,0.0,0.0,0.0,0.0
146,2019-02-06 13:32:01,"$TWTR $FB $GOOGL $SPX:  Economic Outlook: Twitter earnings: Will investors forgive increased spending like Facebook,‚Ä¶:   https://www.StockNewsWires.com/twtr-fb-googl-spx-economic-outlook-twitter-earnings-will-investors-forgive-increased-spending-like-facebook-or-punish-it-like-google/¬†‚Ä¶",0.0,0,0,1,0,0,0,0,0,0,0,0,0,0,0,1,0,0,0,0,0,0,0,0,0.0,0.0,0.0,0.0
147,2019-02-06 13:30:24,ACTIVE TRADERS Try one of these FREE trading guides:   http://ow.ly/NITv30nzZYG¬† $NFLX $TSLA $AAPL $CMG $GS $FB $AMZN $GOOGL $NVDA,0.13333333333333336,0,0,1,0,0,0,0,1,1,1,1,0,0,1,2,0,0,0,0,0,0,0,1,0.0,0.0,0.0,-0.13333333333333333
148,2019-02-06 13:30:22,This market is not out of the woods yet. Provide your stocks some breathing space but don't let winner turn into losers! Adhere to rather tight stops here with $AMZN and $GOOGL being unable to regain their 200d MA.,-0.30952380952380953,0,0,0,2,0,0,0,0,0,0,3,3,4,5,2,0,0,0,0,2,0,0,0,-0.6785714285714286,0.0,0.0,0.0
149,2019-02-06 13:29:39,$GOOG $GOOGL - Alphabet Jumps Capital Spending As Well As R&D Spending  https://seekingalpha.com/article/4238649-alphabet-jumps-capital-spending-well-r-and-d-spending?source=feed_f¬†‚Ä¶,0.0,0,0,1,0,0,0,0,0,0,0,0,0,0,0,0,0,0,0,0,0,0,0,0,0.0,0.0,0.0,0.0
151,2019-02-06 13:27:45,$GOOGL is also about to break back down through the 200d MA.,-0.07777777777777779,0,0,0,0,0,0,0,0,0,0,1,0,2,1,0,0,0,0,0,0,0,0,0,0.0,0.0,0.0,0.0
153,2019-02-06 13:22:12,Study $XLC for $GOOGL on weekly and daily chart. It is weak right now that causes $GOOGL weak today.  pic.twitter.com/WvsKLBv6yM,0.0,0,0,1,0,0,0,0,0,0,0,0,0,0,0,1,0,0,0,0,0,0,0,0,0.0,0.0,0.0,0.0
154,2019-02-06 13:19:55,Alphabet‚Äôs $GOOGL ‚ÄúOutperform‚Äù Rating Reiterated at Wedbush  http://dakotafinancialnews.com/?p=817782¬†,0.0,0,0,1,0,0,0,0,0,0,0,0,0,0,0,1,0,0,0,0,0,0,0,0,0.0,0.0,0.0,0.0
156,2019-02-06 13:16:08,Alphabet $GOOGL Rating Reiterated by Nomura  http://americanbankingnews.com/?p=9438521¬† #stocks,0.0,0,0,1,0,0,0,0,0,0,0,0,0,0,0,1,0,0,0,0,0,0,0,0,0.0,0.0,0.0,0.0
157,2019-02-06 13:07:43,Did you sell your googl calls,0.0,0,0,0,0,0,0,0,0,0,0,0,0,0,1,1,0,0,0,0,0,0,0,0,0.0,0.0,0.0,0.0
158,2019-02-06 13:06:44,Another nice summary of the wintering Blyth‚Äôs Reed Warbler in Greater Manchester. @RareBirdAlertUK @googl_phil https://twitter.com/RareBirdAlertUK/status/1093089260545163266¬†‚Ä¶,0.0,0,0,1,0,0,0,0,0,0,0,0,0,0,0,1,0,0,0,0,0,0,0,0,0.0,0.0,0.0,0.0
160,2019-02-06 13:05:16,"1Y TRACK RECORD UPDATES:  82% Correct, of 280 trades!  $TLRY $CAT $SBUX $UPS $CVX $TSLA $LVS $MAR $HD $FB $XOM $DIS $AMZN $GOOGL $SQ $MCD $BAC $AMD $V $BABA $NVDA $CTRP $TNA $RACE $SPXL $NFLX $MA $MSFT $INTC $MU $PYPL $BAC $V $MA $AMD $BA  See DEC 27 post for previous records. pic.twitter.com/S0ZaAapvjp",0.0,0,0,1,0,0,0,0,0,0,0,0,0,0,0,0,0,0,0,0,0,0,0,0,0.0,0.0,0.0,0.0
161,2019-02-06 13:04:27,$NVDA |#BOOM| $SPY $SPX $QQQ $GOOGL $MU $TWTR Here‚Äôs a song for you‚Ä¶ Ice Ice Baby by Vanilla Ice https://open.spotify.com/track/3XVozq1aeqsJwpXrEZrDJ9?si=aP763Y3lRoOVIvQrfy8RkA¬†‚Ä¶,0.0,0,0,1,0,0,0,0,0,0,0,0,0,0,0,1,0,0,0,0,0,0,0,0,0.0,0.0,0.0,0.0
162,2019-02-06 13:01:41,Don't miss our next FREE OPTION TRADE.  Sign up for our Daily Free Trades at  http://ow.ly/vd6W30nzZYE¬† $NVDA $TSLA $GS $AAPL $BAC $GOOGL $FB,0.2,0,0,1,1,0,0,0,2,0,2,0,1,0,1,0,0,0,0,0,0,0,0,0,0.0,0.0,0.0,0.0
163,2019-02-06 13:01:38,"The 2 companies that can have this asset has a add on is $googl their G+ failed, and they can killed with this make a den on $FB, the other can ve $aapl zero social platform and a lot of cash, they will let ir go for $30.00 IMO",0.0,0,0,1,0,0,0,0,0,0,0,0,0,0,0,1,0,0,0,0,0,0,0,0,0.0,0.0,0.0,0.0
164,2019-02-06 13:01:26,"No reason for a big sell off right now, people waiting for China trade deal announcement to sell in to, bears are coming in couple of weeks, $spx $nflx $amzn $googl",0.0,0,0,1,0,0,0,0,0,0,0,0,0,0,0,1,0,0,0,0,0,0,0,0,0.0,0.0,0.0,0.0
165,2019-02-06 13:01:10,I checked $XLG is real weak to cause $GOOGL weak. $XLG is communication service,0.0,0,0,1,0,0,0,0,0,0,0,0,0,0,0,1,0,0,0,0,0,0,0,0,0.0,0.0,0.0,0.0
166,2019-02-06 13:01:02,Today's million dollar CALL #options trade update: $AAPL $AMZN $CRON $GM $GOOGL $ILMN $MU $TSLA $BA $DIS $FDX $F $CACC $ORCL $SNAP $SWKS $ZEN $MHK ... https://appsto.re/i6hH3LG¬†,0.0,1,0,1,0,0,0,0,0,0,0,0,0,0,0,5,0,0,0,0,0,0,0,0,0.0,0.0,0.0,0.0
167,2019-02-06 13:00:29,"Increase your income  trade FANG stocks (Facebook (FB),  http://Amazon.com¬† (AMZN), Netflix (NFLX) and Google (GOOGL).and more.  Win 80% of Your Trades  https://stock-options-picks.com/products/stock-options-picks-1-year-of-alerts¬†‚Ä¶",0.0,0,0,1,0,0,0,0,0,0,0,0,0,0,0,1,0,0,0,0,0,0,0,0,0.0,0.0,0.0,0.0
168,2019-02-06 12:59:50,"Increase your income trade FANG stocks (Facebook (FB),  http://Amazon.com¬† (AMZN), Netflix (NFLX) and Google (GOOGL), more. Win 80% of Your Trades  https://stock-options-picks.com/products/daily-stock-options-picks-1-month-of-alerts¬†‚Ä¶",0.0,0,0,1,0,0,0,0,0,0,0,0,0,0,0,2,0,0,0,0,0,0,0,0,0.0,0.0,0.0,0.0
169,2019-02-06 12:57:34,"Analysts‚Äô Updated EPS Estimates for February, 6th $DAI, GOOGL, HNR1, ISP, MEURV, MGNX, RB, SOW, SZG, ZEN  http://www.dailypolitical.com/?p=2698425¬†",0.0,0,0,1,0,0,0,0,0,0,0,0,0,0,0,1,0,0,0,0,0,0,0,0,0.0,0.0,0.0,0.0
170,2019-02-06 12:55:10,Try our swing trading service built for individuals who want to trade longer-term timeframes around their full-time careers. Find out more here:  http://ow.ly/5MYA30nBe9g¬† $BIDU $AMZN $GOOGL $V,0.5,0,0,1,0,0,0,0,0,0,2,0,3,1,3,2,0,0,0,0,0,0,0,0,0.0,0.0,0.0,0.0
171,2019-02-06 12:55:01,Not sure what to do with $GOOGL? Explore our #fundamental pros and cons. https://unicornbay.com/t/GOOGL.US?utm_medium=tweet&utm_campaign=notsureproscons&utm_source=twitter¬†‚Ä¶,0.0,0,0,1,0,0,0,0,0,0,0,0,0,0,0,1,0,0,0,0,0,0,0,0,0.0,0.0,0.0,0.0
173,2019-02-06 12:54:45,Alphabet $GOOGL Given Outperform Rating at Nomura  http://tickerreport.com/?p=4130370¬†,0.0,0,0,1,0,0,0,0,0,0,0,0,0,0,0,1,0,0,0,0,0,0,0,0,0.0,0.0,0.0,0.0
174,2019-02-06 12:52:00,Alphabet $GOOGL Given Outperform Rating at Nomura  http://www.dailypolitical.com/?p=2698423¬†,0.0,0,0,1,0,0,0,0,0,0,0,0,0,0,0,1,0,0,0,0,0,0,0,0,0.0,0.0,0.0,0.0
175,2019-02-06 12:49:03,I gave up $GOOGL feb8 1150 call at 2.50 from 2.80 but I might re-buy later.,0.0,0,0,0,0,0,0,0,0,0,0,0,0,1,1,2,0,0,0,0,0,0,0,0,0.0,0.0,0.0,0.0
176,2019-02-06 12:47:54,The NASDAQ is on Course for its 2nd Fastest Exit from a Bear Market (Drop of 20% or More) üìà‚Å£ ‚Å£‚Å£‚Å£ $QQQ $SPY $AAPL $MSFT $AMZN $FB $GOOG $GOOGL $INTC $CSCO $NFLX $SBUX pic.twitter.com/hqJW2MHI8K,0.0,0,0,1,0,0,0,0,0,0,0,0,0,0,0,1,0,0,0,0,0,0,0,0,0.0,0.0,0.0,0.0
177,2019-02-06 12:47:21,$googl backtesting the trend line - it can go for gap fill and bounce of the white line support or hold this purple line and bounce off. Keep on watch!  pic.twitter.com/55VknrcqyT,0.0,0,0,1,0,0,0,0,0,0,0,0,0,0,0,1,0,0,0,0,0,0,0,0,0.0,0.0,0.0,0.0
178,2019-02-06 12:45:13,"Alphabet $GOOGL Posts Earnings Results, Beats Expectations By $1.69 EPS  http://tickerreport.com/?p=4130339¬†",0.0,0,0,1,0,0,0,0,0,0,0,0,0,0,0,1,0,0,0,0,0,0,0,0,0.0,0.0,0.0,0.0
179,2019-02-06 12:43:39,Come on hit me 1130 or better for $GOOGL  pic.twitter.com/3hPBBcwEdb,0.0,0,0,1,0,0,0,0,0,0,0,0,0,0,0,1,0,0,0,0,0,0,0,0,0.0,0.0,0.0,0.0
180,2019-02-06 12:40:12,I see $VIX dress up for light party. I hope that $GOOGL will holds 1128 til $VIX gives up party,0.4,0,0,0,0,0,0,0,0,0,1,0,2,0,0,3,1,0,0,0,0,0,0,0,0.4,0.0,0.0,0.0
181,2019-02-06 12:39:40,‚Å¶@VolatileOptions‚Å© $spy $fb $googl keep'em coming...  pic.twitter.com/FfNSHzyi2W,0.0,0,0,1,0,0,0,0,0,0,0,0,0,0,0,1,0,0,0,0,0,0,0,0,0.0,0.0,0.0,0.0
182,2019-02-06 12:39:28,More positive news about $GOOGL. it needs to break 1200 any moment...  https://www.cnbc.com/2019/02/06/alphabet-most-ambitious-health-care-projects.html¬†‚Ä¶,0.0,0,0,1,0,0,0,0,0,0,0,0,0,0,0,1,0,0,0,0,0,0,0,0,0.0,0.0,0.0,0.0
183,2019-02-06 12:38:37,"But, but, but that famous #CNBC host told me I'd be a moron not to buy $GOOGL. $SPX $NDX $IWM pic.twitter.com/zLz6NjuK9c",0.0,0,0,1,0,0,0,0,0,0,0,0,0,0,0,1,0,0,0,0,0,0,0,0,0.0,0.0,0.0,0.0
184,2019-02-06 12:38:05,‚Å¶@orionstafa‚Å© Keep it steady my man.... $googl $ctmx $tlry $ostk - No more negative 100s... lol pic.twitter.com/zKK0szyG6M,0.0,0,0,1,0,0,0,0,0,0,0,0,1,0,0,1,0,0,0,0,0,0,0,0,0.0,0.0,0.0,0.0
185,2019-02-06 12:37:53,"Google Cloud will help the Golden State Warriors play better basketball (GOOGL, GOOG)  https://read.bi/2TyUUeM¬†",0.4,0,0,1,0,0,0,0,1,0,2,0,0,1,1,2,0,1,0,0,0,0,0,0,0.0,0.5,0.0,0.0
186,2019-02-06 12:37:47,"Google Cloud will help the Golden State Warriors play better basketball (GOOGL, GOOG)  https://read.bi/2Bm3eHu¬†",0.4,0,0,1,0,0,0,0,1,0,2,0,0,1,1,2,0,1,0,0,0,0,0,0,0.0,0.5,0.0,0.0
187,2019-02-06 12:37:24,"Google Cloud will help the Golden State Warriors play better basketball (GOOGL, GOOG)  pic.twitter.com/ybI5CELNF1",0.0,0,0,1,0,0,0,0,0,0,0,0,0,0,0,1,0,0,0,0,0,0,0,0,0.0,0.0,0.0,0.0
188,2019-02-06 12:36:55,"10 Things To Know. Google Cloud will help the Golden State Warriors play better basketball (GOOGL, GOOG)  https://read.bi/2Bm3eHu¬†",0.4,0,0,1,1,0,0,0,1,0,2,0,0,1,2,2,0,1,0,0,0,0,0,0,0.0,0.5,0.0,0.0
189,2019-02-06 12:36:26,"Google Cloud will help the Golden State Warriors play better basketball (GOOGL, GOOG)  https://read.bi/2Bm3eHu¬†",0.4,0,0,1,0,0,0,0,1,0,2,0,0,1,1,2,0,1,0,0,0,0,0,0,0.0,0.5,0.0,0.0
190,2019-02-06 12:36:23,I see $GOOGL has MACD golden cross and 5sma cross 10sma on 5 minutes chart,0.09999999999999999,0,0,0,0,0,0,0,0,0,1,0,1,0,0,2,1,0,0,0,0,0,0,0,0.3,0.0,0.0,0.0
191,2019-02-06 12:35:30,"$GOOGL Feb1 #earnings #OTM #put #butterfly remains OTM as #GOOGL did not continue its down reaction but reversed to positive yesterday,is reversing 2day & still 2 more days 2 expire for now a lotto tix  pic.twitter.com/rFhpRTnrSW",0.0,0,0,1,0,0,0,0,0,0,0,0,0,0,0,1,0,0,0,0,0,0,0,0,0.0,0.0,0.0,0.0
192,2019-02-06 12:34:55,Everyone on here bearish on $AMZN you know what that means? It is about to bust a move! So is $GOOGL and $FB. Can't keep FANG down you idiots.,-0.4777777777777778,0,0,0,2,0,0,0,0,0,0,2,1,2,3,2,0,0,0,0,0,0,0,0,0.0,0.0,0.0,0.0
193,2019-02-06 12:34:27,The death of video games?  Sarge Stephen Guilfoyle takes a look at Take-two and the industry. $TTWO $ATVI $EA $UBSFY $NFLX $AMZN $GOOGL $DIS @Sarge986  https://www.thestreet.com/investing/i-d-take-take-two-stock-over-other-video-gamers-14857481¬†‚Ä¶ via @TheStreet,0.0,0,0,1,0,0,0,0,0,0,0,0,0,0,0,1,0,0,0,0,0,0,0,0,0.0,0.0,0.0,0.0
194,2019-02-06 12:33:45,"Google Cloud will help the Golden State Warriors play better basketball (GOOGL, GOOG)  https://read.bi/2Bm3eHu¬† johnangel1977",0.4,0,0,1,0,0,0,0,1,0,2,0,0,1,1,2,0,1,0,0,0,0,0,0,0.0,0.5,0.0,0.0
195,2019-02-06 12:33:00,"Waiting for seller‚Äôs remorse to go into affect soon for $GOOGL and $AMZN. They looks to be one of the cheapest stocks right now, one morning the pajama traders will wake  up and and see both 100+ pts.",0.2857142857142857,0,0,0,1,0,0,0,0,0,1,0,1,2,5,4,0,1,0,0,0,0,0,0,0.0,0.2857142857142857,0.0,0.0
196,2019-02-06 12:32:16,Recent $GOOGL technical alerts: 200 DMA Support plus 6 more alerts...  https://swingtradebot.com/equities/GOOGL¬†,0.0,0,0,1,0,0,0,0,0,0,0,0,0,0,0,1,0,0,0,0,0,0,0,0,0.0,0.0,0.0,0.0
197,2019-02-06 12:32:04,"Google Cloud will help the Golden State Warriors play better basketball (GOOGL, GOOG)  http://dlvr.it/QyKP8G¬† pic.twitter.com/qzq9V1jJk5",0.0,0,0,1,0,0,0,0,0,0,0,0,0,0,0,1,0,0,0,0,0,0,0,0,0.0,0.0,0.0,0.0
198,2019-02-06 12:31:46,SOLD the following with GAIN today:  $NFLX ( IN 335.02  OUT 349.68 )   4.37% $TSLA ( IN 303.57  OUT 318.03 )   4.76% $TLRY ( IN 78.05  OUT 79.19 )   1.46%  $GOOGL ( IN 1115.06  OUT 1124.00 )   0.80%  https://twitter.com/billyhuispx/status/1091022094584942594¬†‚Ä¶,0.0,0,0,1,0,0,0,0,0,0,0,0,0,0,0,1,0,0,0,0,0,0,0,0,0.0,0.0,0.0,0.0
199,2019-02-06 12:30:29,ACTIVE TRADERS Try one of these FREE trading guides:   http://ow.ly/E90M30nzZYC¬† $NFLX $TSLA $AAPL $COST $GS $FB $AMZN $GOOGL $NVDA,0.13333333333333336,0,0,1,0,0,0,0,1,1,1,1,0,0,1,2,0,0,0,0,0,0,0,1,0.0,0.0,0.0,-0.13333333333333333
200,2019-02-06 12:29:11,$GOOGL should buy $SPLK #CloudComputing #mergers $SPY $QQQ $DIA  https://www.marketwatch.com/story/10-company-mergers-id-love-to-see-in-2019-2019-02-06¬†‚Ä¶ pic.twitter.com/sk354Lghf9,0.0,0,0,1,0,0,0,0,0,0,0,0,0,0,0,1,0,0,0,0,0,0,0,0,0.0,0.0,0.0,0.0
201,2019-02-06 12:28:08,Study $GOOGL call chart on 5 minutes chart with white circles. Be careful.  pic.twitter.com/fXdMaDBc0S,0.0,0,0,1,0,0,0,0,0,0,0,0,0,0,0,1,0,0,0,0,0,0,0,0,0.0,0.0,0.0,0.0
202,2019-02-06 12:24:47,$GOOG $GOOGL - Alphabet's Results Are Stronger Than They Appear  https://seekingalpha.com/article/4238593-alphabets-results-stronger-appear?source=tweet¬†‚Ä¶,0.0,0,0,1,0,0,0,0,0,0,0,0,0,0,0,1,0,0,0,0,0,0,0,0,0.0,0.0,0.0,0.0
203,2019-02-06 12:20:48,$SNAP #revenue growth #Zuckerberg $FB should buy out $SNAP at 20's why risk a competitor and offer $GOOGL $AMZN $MSFT entry to #SocialMedia pic.twitter.com/FWfLHi0Ldh,0.0,0,0,1,0,0,0,0,0,0,0,0,0,0,0,1,0,0,0,0,0,0,0,0,0.0,0.0,0.0,0.0
204,2019-02-06 12:20:33,$GOOGL maybe the all clear was premature  pic.twitter.com/6F62ZDh9h2,0.0,0,0,1,0,0,0,0,0,0,0,0,0,0,0,0,0,0,0,0,0,0,0,0,0.0,0.0,0.0,0.0
205,2019-02-06 12:18:37,It's ok.   It's just Goog-o-rama making new post-accounting/earnings/magic lows... . $GOOG $GOOGL  pic.twitter.com/SLmT3gRdkt,0.0,0,0,1,0,0,0,0,0,0,0,0,0,0,0,1,0,0,0,0,0,0,0,0,0.0,0.0,0.0,0.0
206,2019-02-06 12:13:07,"Always feel encouraged when @Twitter sells off on days prior to earnings. Another sleepless night.  Real high bar $SNAP has set for $TWTR Q418, you know, ZERO user growth. ü§£üò¢ü§™  Most amazingly durable concept on the Internet (next to $GOOGL?) but no user growth. FFS #shitshow",0.268,1,1,0,3,0,0,0,2,0,4,0,4,2,0,8,2,1,0,0,0,0,0,0,0.36,0.6000000000000001,0.0,0.0
207,2019-02-06 12:12:58,"A Geezer$ Alert :  GOOG,GOOGL: Alphabet's Stock Is More Undervalued Than You Think  https://goo.gl/fb/1PnbTu¬†",0.5,0,0,1,0,0,0,0,1,0,1,0,0,0,1,0,0,0,0,0,0,0,0,0,0.0,0.0,0.0,0.0
208,2019-02-06 12:06:39,$GOOGL below y'day low - gap test possible  pic.twitter.com/POh8oAVEOp,0.0,0,0,1,0,0,0,0,0,0,0,0,0,0,0,1,0,0,0,0,0,0,0,0,0.0,0.0,0.0,0.0
209,2019-02-06 12:06:30,"Here are a few, once in profits must use reasonable STOPS. SPX must cross 2840 for it to be bullish trend confirmation. BKNG, AMZN, GOOGL,NFLX, ISRG, FDX,BA,CAT, ILMN,MU.NVDA, CMG, AZO, PYPL, SQ, EXAS, FSLR, MRK, WYNN. V Growth stocks therefore volatile do pullback 8-20% often.",0.0,0,0,0,0,0,0,0,0,0,1,1,4,4,4,3,1,0,0,0,1,0,0,0,0.0,0.0,0.0,0.0
210,2019-02-06 12:06:24,"Google's new patent application highlights its interest in hospital software (GOOGL, AAPL, AMZN)  https://www.businessinsider.com/google-patent-hints-electronic-health-record-market-plans-2019-2¬†‚Ä¶ #Correctrade #Trading #News",0.0,0,0,1,0,0,0,0,0,0,0,0,0,0,0,1,0,0,0,0,0,0,0,0,0.0,0.0,0.0,0.0
211,2019-02-06 12:05:59,$AMZN Amazon and #GOOGL are suddenly Rodney Dangerfield stocks  https://investorplace.com/2019/02/why-amazon-stock-and-google-stock-arent-getting-respect-nimg/¬†‚Ä¶  They can't get no respect.,0.0,0,0,1,0,0,0,0,0,0,0,0,0,0,0,0,0,0,0,0,0,0,0,0,0.0,0.0,0.0,0.0
212,2019-02-06 12:05:54,"At any point $GOOGL can start breaking out their #'s more granularly by division - a la $AAPL, $AMZN, etc. -& run the stock. It should as it's now $160 bb in run rate revs & disclosing just 2 divisions is not fair to shareholders. Buy back a ton of stock then disclose.",0.05000000000000001,0,0,0,2,0,0,0,0,0,2,0,4,2,4,10,1,0,0,0,0,0,0,0,0.7,0.0,0.0,0.0
213,2019-02-06 12:01:28,Make a baby itu download foto di googl e...,0.0,0,0,0,0,0,0,0,0,0,0,0,0,0,1,7,0,0,0,0,0,0,0,0,0.0,0.0,0.0,0.0
214,2019-02-06 11:54:17,"RT:(@TheStreet): Time to pay the piper? @JimCramer talks $GOOGL over on @RealMoney:  https://buff.ly/2DV3oY6¬†  pic.twitter.com/NJBO2GBJgN #bloomberg #wsj #article  https://twitter.com/TheStreet/status/1093165426547269637¬†‚Ä¶ #technology #doncasterisgreat February 06, 2019 at 10:12AM",0.0,0,0,1,0,0,0,0,0,0,0,0,0,0,0,1,0,0,0,0,0,0,0,0,0.0,0.0,0.0,0.0
215,2019-02-06 11:51:54,Made $20K today. Thx to the option trade alerts from   http://Optionsbypros.com¬† $NTES $BBBY $GE $EMR $SRCL $ASH $TTM $AIG $AZN $ANDX $SHLD $DAL $DISH $DXC $NYLD $OSUR $TAHO $MELI $TOL $CSOD $AKRX $EXPE $THC $UTX $TSRO $FNB $URI $PNC $HUBS $SODA $PBR $GOOGL $NFLX $DIS $SPOT $SNAP,0.0,0,0,1,0,0,0,0,0,0,0,0,0,0,0,1,0,0,0,0,0,0,0,0,0.0,0.0,0.0,0.0
216,2019-02-06 11:51:42,"Wells Fargo & Co Reiterates ‚Äú$1,300.00‚Äù Price Target for Alphabet $GOOGL  http://theolympiareport.com/?p=1421920¬†",0.0,0,0,1,0,0,0,0,0,0,0,0,0,0,0,1,0,0,0,0,0,0,0,0,0.0,0.0,0.0,0.0
217,2019-02-06 11:50:01,"Alphabet $GOOGL Given a $1,300.00 Price Target at Wells Fargo & Co  http://dispatchtribunal.com/?p=2553075¬†",0.0,0,0,1,0,0,0,0,0,0,0,0,0,0,0,1,0,0,0,0,0,0,0,0,0.0,0.0,0.0,0.0
218,2019-02-06 11:47:57,üîçGoogle now pays more money in EU fines than it pays in taxes:  https://on.sjoerd.app/2GuoQEX¬† #google $GOOG $GOOGL #alphabet #TechNews #tech @google #digitaltransformation pic.twitter.com/QsDawqhGeP,0.0,0,0,1,0,0,0,0,0,0,0,0,0,0,0,1,0,0,0,0,0,0,0,0,0.0,0.0,0.0,0.0
219,2019-02-06 11:47:48,@AwesomeTrading you see GOOGL recovering?,0.0,0,1,0,0,0,0,0,0,0,0,0,1,0,0,1,0,0,0,0,0,0,0,0,0.0,0.0,0.0,0.0
220,2019-02-06 11:44:39,Market StrengthÔºåState Of The UnionÔºåTrade DeficitÔºåKey S&P Levels„ÄÇ„ÄÇ„ÄÇ  https://tradeideablog.blogspot.com/2019/02/market-strengthstate-of-union-trade.html¬†‚Ä¶ $indu $spx $compq $rut $googl $TSLA,0.0,0,0,1,0,0,0,0,0,0,0,0,0,0,0,1,0,0,0,0,0,0,0,0,0.0,0.0,0.0,0.0
221,2019-02-06 11:43:33,Still have 02/15 $googl calls but otherwise sidelined. Today is crappy.,0.0,0,0,0,0,0,0,0,0,0,0,0,2,2,0,1,0,0,0,0,0,0,0,0,0.0,0.0,0.0,0.0
222,2019-02-06 11:43:26, https://www.cnbc.com/2019/02/06/warren-buffett-says-this-is-one-way-to-not-get-rich-on-wall-street.html¬†‚Ä¶ AGREE. Do homework & hold longer for some maturity. How long is up to your timeframe. Many day-traders juggle btw loss & wins cus they listen to their so-called followers & pay subscription. Short cut & margin bad! $amzn $googl $nflx $aapl $tsla $BA $lmt,-0.024999999999999956,0,0,1,0,0,0,0,1,0,2,2,9,1,1,10,1,0,0,0,1,1,0,0,-0.19999999999999984,-0.05,0.0,0.0
223,2019-02-06 11:40:43,$GOOGL bought back 1200 calls and bought 1250 march calls  pic.twitter.com/p1vB51OZHb,0.0,0,0,1,0,0,0,0,0,0,0,0,0,0,0,1,0,0,0,0,0,0,0,0,0.0,0.0,0.0,0.0
224,2019-02-06 11:40:18,Alphabet's Stock Is More Undervalued Than You Think $GOOG $GOOGL @google  http://bit.ly/2Gqi6bm¬† pic.twitter.com/CcuWY4If4c,0.0,0,0,1,0,0,0,0,0,0,0,0,0,0,0,1,0,0,0,0,0,0,0,0,0.0,0.0,0.0,0.0
225,2019-02-06 11:39:45,Zacks Investment Research Downgrades Alphabet $GOOGL to Hold  http://dakotafinancialnews.com/?p=817488¬†,0.0,0,0,1,0,0,0,0,0,0,0,0,0,0,0,1,0,0,0,0,0,0,0,0,0.0,0.0,0.0,0.0
226,2019-02-06 11:38:04,$GOOG $GOOGL:  Data Center REITs On Sale Despite Record Leasing:   https://www.StockNewsWires.com/goog-googl-data-center-reits-on-sale-despite-record-leasing/¬†‚Ä¶,0.0,0,0,1,0,0,0,0,0,0,0,0,0,0,0,1,0,0,0,0,0,0,0,0,0.0,0.0,0.0,0.0
227,2019-02-06 11:36:50,"A Geezer$ Alert :  GOOG,GOOGL: Alphabet's Results Are Stronger Than They Appear  https://goo.gl/fb/Fbv236¬†",0.0,0,0,1,0,0,0,0,0,0,0,0,1,0,0,0,0,0,0,0,0,0,0,0,0.0,0.0,0.0,0.0
228,2019-02-06 11:34:49,$GOOG $GOOGL - Alphabet's Stock Is More Undervalued Than You Think  https://seekingalpha.com/article/4238594-alphabets-stock-undervalued-think?source=feed_f¬†‚Ä¶,0.0,0,0,1,0,0,0,0,0,0,0,0,0,0,0,1,0,0,0,0,0,0,0,0,0.0,0.0,0.0,0.0
229,2019-02-06 11:31:26,$GOOG $GOOGL - Alphabet's Results Are Stronger Than They Appear  https://seekingalpha.com/article/4238593-alphabets-results-stronger-appear?source=feed_f¬†‚Ä¶,0.0,0,0,1,0,0,0,0,0,0,0,0,0,0,0,1,0,0,0,0,0,0,0,0,0.0,0.0,0.0,0.0
230,2019-02-06 11:30:30,ACTIVE TRADERS Try one of these FREE trading guides:   http://ow.ly/NJvj30nzZYz¬† $NFLX $TSLA $AAPL $WMT $GS $FB $AMZN $GOOGL $NVDA,0.13333333333333336,0,0,1,0,0,0,0,1,1,1,1,0,0,1,2,0,0,0,0,0,0,0,1,0.0,0.0,0.0,-0.13333333333333333
231,2019-02-06 11:23:07,Worried #ETFs are driving stock prices? Great piece from @tpsarofagis today looking at how little $FB $GOOGL $INTC $C $WMT in @InvescoUS factor #ETFs $SPLV $SPHQ $SPMO $SPVU,0.30625,2,2,0,0,0,0,0,1,0,1,1,1,0,0,5,0,0,0,0,1,0,0,0,-0.1875,0.0,0.0,0.0
232,2019-02-06 11:22:05,"Alphabet $GOOGL Given New $1,400.00 Price Target at Credit Suisse Group   http://theenterpriseleader.com/?p=1860707¬†",0.0,0,0,1,0,0,0,0,0,0,0,0,0,0,0,1,0,0,0,0,0,0,0,0,0.0,0.0,0.0,0.0
233,2019-02-06 11:22:03,Alphabet $GOOGL Upgraded by Zacks Investment Research to ‚ÄúBuy‚Äù  http://theolympiareport.com/?p=1421814¬†,0.0,0,0,1,0,0,0,0,0,0,0,0,0,0,0,1,0,0,0,0,0,0,0,0,0.0,0.0,0.0,0.0
234,2019-02-06 11:20:12,Alphabet $GOOGL Rating Increased to Buy at Zacks Investment Research  http://weekherald.com/?p=3489953¬†,0.0,0,0,1,0,0,0,0,0,0,0,0,0,0,0,1,0,0,0,0,0,0,0,0,0.0,0.0,0.0,0.0
235,2019-02-06 11:19:43,"Alphabet $GOOGL Price Target Lowered to $1,400.00 at Credit Suisse Group  http://dispatchtribunal.com/?p=2552967¬†",0.0,0,0,1,0,0,0,0,0,0,0,0,0,0,0,1,0,0,0,0,0,0,0,0,0.0,0.0,0.0,0.0
237,2019-02-06 11:12:57,"Google is investing advertising proceeds at a record pace -- Hooray! @themotleyfool #stocks $GOOGL, $GOOG, $AAPL https://www.fool.com/investing/2019/02/06/google-is-investing-advertising-proceeds-at-a-reco.aspx¬†‚Ä¶",0.0,0,0,1,0,0,0,0,0,0,0,0,0,0,0,1,0,0,0,0,0,0,0,0,0.0,0.0,0.0,0.0
238,2019-02-06 11:08:32,"Alphabet Inc (GOOGL) to Post Q1 2019 Earnings of $10.61 Per Share, SunTrust Banks Forecasts (Bonnie Powley/Zolmax)  http://dlvr.it/QyK4j2¬†",0.0,0,0,1,0,0,0,0,0,0,0,0,0,0,0,1,0,0,0,0,0,0,0,0,0.0,0.0,0.0,0.0
240,2019-02-06 11:04:06,$snap #ceo wants $32 won‚Äôt take a penny less for $fb $googl or $amzn,0.016666666666666677,1,0,0,0,0,0,0,0,0,1,1,3,0,0,3,0,0,0,0,0,0,0,0,0.0,0.0,0.0,0.0
241,2019-02-06 11:01:38,Don't miss our next FREE OPTION TRADE.  Sign up for our Daily Free Trades at  http://ow.ly/TObn30nzZYx¬† $NVDA $TSLA $GS $GILD $WFM $GOOGL $FB,0.2,0,0,1,1,0,0,0,2,0,2,0,1,0,1,0,0,0,0,0,0,0,0,0,0.0,0.0,0.0,0.0
243,2019-02-06 10:59:09,$googl retiring google plus by April May buyout $snap by than pic.twitter.com/Idvpo1j1C7,0.0,0,0,1,0,0,0,0,0,0,0,0,0,0,0,1,0,0,0,0,0,0,0,0,0.0,0.0,0.0,0.0
244,2019-02-06 10:57:54,FAANG's Momentum Continues as Global Wealth Spreads - TheStreet // $AMZN $GOOGL $FB $AAPL https://www.thestreet.com/technology/faang-s-momentum-continues-as-global-wealth-spreads-14856385¬†‚Ä¶,0.0,0,0,1,0,0,0,0,0,0,0,0,0,0,0,2,0,0,0,0,0,0,0,0,0.0,0.0,0.0,0.0
245,2019-02-06 10:50:04,"Did #Apple's #AR Ambitions Just Suffer a Big Setback? @themotleyfool #stocks $AAPL, $GOOGL, $MSFT, $FB, $GOOG https://www.fool.com/investing/2019/02/06/apple-ar-vr-ambitions-suffer-setback-bar-zeev.aspx¬†‚Ä¶",0.0,0,0,1,0,0,0,0,0,0,0,0,0,0,0,2,0,0,0,0,0,0,0,0,0.0,0.0,0.0,0.0
246,2019-02-06 10:50:00,"How consumers rank #Facebook,  #Twitter,  Snapchat, #Instagram,  LinkedIn, and #YouTube on privacy, fake news, #Content relevance, safety, and sharing (FB, GOOGL, TWTTR, MSFT, SNAP) #biz #business http://feedproxy.google.com/~r/businessinsider/~3/jMfCQHV6T_M/digital-trust-report-2018-8¬†‚Ä¶",0.0,0,0,1,0,0,0,0,0,0,0,0,0,0,0,1,0,0,0,0,0,0,0,0,0.0,0.0,0.0,0.0
247,2019-02-06 10:48:17,That was a BTFD Moment!!  Go FAANG!!!!!!!!!!!!   $NFLX $AMZN $AAPL $GOOGL $FB https://twitter.com/RevShark/status/1093173407737438211¬†‚Ä¶,0.0,0,0,1,0,0,0,0,0,0,0,0,0,0,0,2,0,0,0,0,0,0,0,0,0.0,0.0,0.0,0.0
248,2019-02-06 10:45:40,"$GOOGL trying; needs over Vwap 1141.24 for push back towards 1150, 1155, 1171 targets above",0.0,0,0,0,0,0,0,0,0,0,0,0,0,1,0,1,0,0,0,0,0,0,0,0,0.0,0.0,0.0,0.0
249,2019-02-06 10:45:15,I'd Take Take-Two Stock Over Other Video Gamers $NFLX $AMZN $GOOGL $DIS $TTWO $EA $ATVI $UBSFY  https://www.thestreet.com/investing/i-d-take-take-two-stock-over-other-video-gamers-14857481¬†‚Ä¶ via @TheStreet,0.0,0,0,1,0,0,0,0,0,0,0,0,0,0,0,1,0,0,0,0,0,0,0,0,0.0,0.0,0.0,0.0
250,2019-02-06 10:42:43,Made $20K today. Thanks to the option trade alerts from  http://optionsbypros.com¬† $REGN $GOOGL $BIDU $NTR $X $NEM $MDLZ $WMT $CEQP $OCN $QCOM $TWTR $SEE $SYMC $PFE $NLSN $CMCSA $DVN $NFLX $AXGN $TSS $MO $SGYP $IP $AAPL $EOG $CMG $SQ $CSX $CRM $TTWO $ARRY $DOCU $VRSK $ADSK,0.0,0,0,1,0,0,0,0,0,0,0,0,0,0,0,1,0,0,0,0,0,0,0,0,0.0,0.0,0.0,0.0
251,2019-02-06 10:39:40,$GOOGL some quick gains.  pic.twitter.com/gbyqFpdvqf,0.0,0,0,1,0,0,0,0,0,0,0,0,0,0,0,1,0,0,0,0,0,0,0,0,0.0,0.0,0.0,0.0
252,2019-02-06 10:38:59,#AI #DeepLearning by $GOOGL 's #DeepMind on #ProteinFolding  RT  Making New Drugs With a Dose of Artificial Intelligence  https://nyti.ms/2UJbwk5¬†,-0.2318181818181818,4,0,1,0,0,0,0,1,1,1,1,1,0,0,2,0,0,0,0,0,0,0,0,0.0,0.0,0.0,0.0
253,2019-02-06 10:37:14,"interesting.... They have a solid offering.   Is Google Cloud Falling Further Behind the Competition? @themotleyfool #stocks $GOOG, $GOOGL, $MSFT, $AMZN https://www.fool.com/investing/2019/02/06/is-google-cloud-falling-further-behind-the-competi.aspx¬†‚Ä¶",0.0,0,0,1,0,0,0,0,0,0,0,0,0,0,0,2,0,0,0,0,0,0,0,0,0.0,0.0,0.0,0.0
254,2019-02-06 10:33:12,Alphabet‚Äôs $GOOGL Outperform Rating Reaffirmed at William Blair  http://americanbankingnews.com/?p=9436531¬† #stocks,0.0,0,0,1,0,0,0,0,0,0,0,0,0,0,0,1,0,0,0,0,0,0,0,0,0.0,0.0,0.0,0.0
255,2019-02-06 10:30:26,ACTIVE TRADERS Try one of these FREE trading guides:   http://ow.ly/fFvJ30nzZYv¬† $NFLX $TSLA $AAPL $WFM $GS $FB $AMZN $GOOGL $NVDA,0.13333333333333336,0,0,1,0,0,0,0,1,1,1,1,0,0,1,2,0,0,0,0,0,0,0,1,0.0,0.0,0.0,-0.13333333333333333
256,2019-02-06 10:28:58,"Slow week so far, we have closed out all bullish signals issued  Register for FREE, No subscription required!  Pay per signal.                               $SPY $QQQ $IWM $TLT $GLD $AAPL $AMZN $BIDU $GOOGL $NFLX $FB $BABA $NVDA $TSLA #trading #options pic.twitter.com/GPDHS9LEnB",0.0,0,0,1,0,0,0,0,0,0,0,0,0,0,0,1,0,0,0,0,0,0,0,0,0.0,0.0,0.0,0.0
257,2019-02-06 10:26:43,"$GOOGL this is the time to buy if you want to get in, BTO 1200C 2/15, ($1.25). It was too far extended, needed to get back to 5SMA . Let‚Äôs go!  pic.twitter.com/l6U6IIieNC",0.0,0,0,1,0,0,0,0,0,0,0,0,0,0,0,0,0,0,0,0,0,0,0,0,0.0,0.0,0.0,0.0
258,2019-02-06 10:23:55,"If you forgot to buy the Googsters at new year highs this morning, they are on sale in aisle five.  Supplies are limited...  $GOOG $GOOGL",0.032467532467532464,0,0,0,0,0,0,0,0,0,1,1,3,0,1,3,1,0,0,0,1,0,0,0,0.06493506493506493,0.0,0.0,0.0
259,2019-02-06 10:22:27,looks like the h&s on $googl (brought ALOT of sellers)...and i was a sucker to play the other side  VIX low in 15s sign market need a red day after norm was 18-25 past 3 mons  SPX 200dma HUGE resistance  no reason to go long when technical sentiment is playing all of this,-0.040624999999999994,0,0,0,2,0,0,0,1,0,1,4,6,1,3,13,0,0,0,0,2,1,0,1,-0.375,-0.05,0.0,-0.3
260,2019-02-06 10:18:38,"$TSLA $NFLX $AMZN $GOOGL All these earnings plays... my goodness.   Way too much to get to - my @TradeIdeas scans are workinggggggggggg  now just need to get that OPM.  C Money Trading Group - not if, but when.",0.2,0,1,0,2,0,0,0,0,0,1,0,2,3,3,3,0,1,0,0,0,0,0,0,0.0,0.2,0.0,0.0
261,2019-02-06 10:14:44,"Came in bullish, levels werent brkn up, caught fb before nflx, aapl, googl started dropping. Holding 167.5p x2 at .39, tgt is 50ma(169.3) as other hit, scale out 1 holding runner",-0.125,0,0,0,0,0,0,0,0,0,0,1,2,1,0,11,0,0,0,0,1,0,0,0,-0.125,0.0,0.0,0.0
262,2019-02-06 10:12:02,Time to pay the piper? @JimCramer talks $GOOGL over on @RealMoney:  https://buff.ly/2DV3oY6¬† pic.twitter.com/YgMqZ8sHAN,0.0,0,0,1,0,0,0,0,0,0,0,0,0,0,0,1,0,0,0,0,0,0,0,0,0.0,0.0,0.0,0.0
263,2019-02-06 10:10:05,"These tech giants get a TON of flak for their cash piles. Here's @JimCramer's take on the conflict plaguing the likes of $GOOGL, $AAPL and $AMZN https://cnb.cx/2DVg9SG¬†",0.0,0,1,1,0,0,0,0,0,0,0,0,1,1,0,5,0,0,0,0,0,0,0,0,0.0,0.0,0.0,0.0
264,2019-02-06 10:09:47,$GOOGL The pumped it yesterday after the ER but they will dump it next   https://www.tradingview.com/x/LplLpiSk/¬†,0.0,0,0,1,0,0,0,0,0,0,0,0,0,0,0,1,0,0,0,0,0,0,0,0,0.0,0.0,0.0,0.0
265,2019-02-06 10:05:47,@SassyOptions $GOOGL 1150 break over and rejected! BOOM!,0.0,0,1,0,0,0,0,0,0,0,0,0,1,0,0,2,0,0,0,0,0,0,0,0,0.0,0.0,0.0,0.0
267,2019-02-06 10:02:56,Tech heavy sell. Need AMZN GOOGL nflx all bottomed otherwise no good. Know where to stop if you do play tech calls,-0.275,0,0,0,2,0,0,0,0,0,1,1,2,1,3,2,1,0,0,0,1,0,0,0,0.49999999999999994,0.0,0.0,0.0
268,2019-02-06 10:02:39,$AMZN $GOOGL $NFLX weak $AAPL red $BA red,-0.125,0,0,0,0,0,0,0,0,0,0,1,2,0,0,0,0,0,0,0,1,0,0,0,-0.375,0.0,0.0,0.0
269,2019-02-06 09:53:27,RT:(@TheStreet): RT @realmoney: There's a reason why you couldn't keep the stock of Alphabet $GOOGL down yesterday. @jimcramer knows this will be the quarter where you had to pay the piper to get sales and the piper happens most often to be Google hence its 21% revenue growth. ‚Ä¶,0.17222222222222222,0,3,0,2,0,0,0,0,0,1,1,1,2,8,13,0,0,0,0,0,1,0,0,0.0,-0.15555555555555559,0.0,0.0
270,2019-02-06 09:52:58,Research Analysts Issue Forecasts for Alphabet Inc‚Äôs FY2020 Earnings $GOOGL  http://zpr.io/gZyvu¬†,0.0,0,0,1,0,0,0,0,0,0,0,0,0,0,0,1,0,0,0,0,0,0,0,0,0.0,0.0,0.0,0.0
271,2019-02-06 09:51:47,Research Analysts Issue Forecasts for Alphabet Inc‚Äôs FY2020 Earnings $GOOGL  http://americanbankingnews.com/?p=9436139¬† #stocks,0.0,0,0,1,0,0,0,0,0,0,0,0,0,0,0,1,0,0,0,0,0,0,0,0,0.0,0.0,0.0,0.0
272,2019-02-06 09:50:49,"A Geezer$ Alert :  GOOG,GOOGL: Alphabet's Verily backing opioid rehab campus  https://goo.gl/fb/jgmizC¬†",0.0,0,0,1,0,0,0,0,0,0,0,0,1,0,0,3,0,0,0,0,0,0,0,0,0.0,0.0,0.0,0.0
273,2019-02-06 09:50:11,Wedbush Sets Alphabet FY2020 Earnings Estimates at $58.00 EPS.  http://zpr.io/gZycC¬† $GOOGL #GOOGL,0.0,1,0,1,0,0,0,0,0,0,0,0,1,0,0,0,0,0,0,0,0,0,0,0,0.0,0.0,0.0,0.0
274,2019-02-06 09:50:05,Alphabet $GOOGL is perking up with a break above the 40-week SMA and early December high. Lots of support around 1000.  pic.twitter.com/G0gnPlioWL,0.0,0,0,1,0,0,0,0,0,0,0,0,0,0,0,1,0,0,0,0,0,0,0,0,0.0,0.0,0.0,0.0
275,2019-02-06 09:49:04,@BigRon139 $GOOGL  beat and dropped early in the day. Maybe same will happen here,0.05,0,1,0,0,0,0,0,0,0,1,0,2,3,1,2,0,1,0,0,0,0,0,0,0.0,0.1,0.0,0.0
276,2019-02-06 09:48:04,$GOOG $GOOGL - Alphabet's Verily backing opioid rehab campus  https://seekingalpha.com/news/3430173-alphabets-verily-backing-opioid-rehab-campus?source=feed_f¬†‚Ä¶,0.0,0,0,1,0,0,0,0,0,0,0,0,0,0,0,1,0,0,0,0,0,0,0,0,0.0,0.0,0.0,0.0
277,2019-02-06 09:46:38,Googl feb15 1180c at 4.2 good to consider,0.7,0,0,0,0,0,0,0,0,0,1,0,1,0,1,0,1,0,0,0,0,0,0,0,0.7,0.0,0.0,0.0
278,2019-02-06 09:38:38,Just published How to Trade Bullish Reversal Pattern? (Example of $AAPL‚Ä¶)  https://link.medium.com/IEAVBkQy5T¬†  - $AMZN $NFLX $FB $SPX $GOOGL $TLRY $CGC pic.twitter.com/SG6MdfYP7z,0.0,0,0,1,0,0,0,0,0,0,0,0,0,0,0,1,0,0,0,0,0,0,0,0,0.0,0.0,0.0,0.0
279,2019-02-06 09:38:07,"The post 5 Top Stock Trades for Wednesday: GOOGL, GILD, EL, BA  https://buff.ly/2SeCy64¬†",0.5,0,0,1,0,0,0,0,1,0,1,0,0,0,0,1,0,0,0,0,0,0,0,0,0.0,0.0,0.0,0.0
280,2019-02-06 09:32:07,Useful Divergence. New $GOOGL analysis for subscribers  http://www.matrixtrade.com/stocks/¬†,0.0,0,0,1,0,0,0,0,0,0,0,0,0,0,0,1,0,0,0,0,0,0,0,0,0.0,0.0,0.0,0.0
281,2019-02-06 09:30:48,"Alphabet Inc $GOOGL to Post Q1 2019 Earnings of $10.61 Per Share, SunTrust Banks Forecasts  http://zolmax.com/?p=2877902¬†",0.0,0,0,1,0,0,0,0,0,0,0,0,0,0,0,1,0,0,0,0,0,0,0,0,0.0,0.0,0.0,0.0
282,2019-02-06 09:30:33,Alphabet Inc $GOOGL Forecasted to Earn Q1 2019 Earnings of $9.32 Per Share  http://zpr.io/gZyFW¬†,0.0,0,0,1,0,0,0,0,0,0,0,0,0,0,0,1,0,0,0,0,0,0,0,0,0.0,0.0,0.0,0.0
283,2019-02-06 09:30:27,Alphabet Inc Forecasted to Earn Q1 2019 Earnings of $10.85 Per Share $GOOGL  http://dakotafinancialnews.com/?p=817166¬†,0.0,0,0,1,0,0,0,0,0,0,0,0,0,0,0,1,0,0,0,0,0,0,0,0,0.0,0.0,0.0,0.0
284,2019-02-06 09:30:21,ACTIVE TRADERS Try one of these FREE trading guides:   http://ow.ly/Cz8M30nzZYt¬† $NFLX $TSLA $AAPL $BABA $AMD $GS $FB $AMZN $GOOGL $NVDA,0.13333333333333336,0,0,1,0,0,0,0,1,1,1,1,0,0,1,2,0,0,0,0,0,0,0,1,0.0,0.0,0.0,-0.13333333333333333
285,2019-02-06 09:30:20,Q1 2019 EPS Estimates for Alphabet Inc $GOOGL Reduced by Oppenheimer  http://tickerreport.com/?p=4129833¬†,0.0,0,0,1,0,0,0,0,0,0,0,0,0,0,0,1,0,0,0,0,0,0,0,0,0.0,0.0,0.0,0.0
286,2019-02-06 09:29:08,Some stocks the desk is watching: $MCHP $MGNX $GM $SPOT $PAYC $AAPL $GOOGL $AMRS,0.0,0,0,0,0,0,0,0,0,0,0,0,0,0,0,1,0,0,0,0,0,0,0,0,0.0,0.0,0.0,0.0
287,2019-02-06 09:28:03,Q1 2019 Earnings Forecast for Alphabet Inc Issued By Oppenheimer $GOOGL  http://www.dailypolitical.com/?p=2697879¬†,0.0,0,0,1,0,0,0,0,0,0,0,0,0,0,0,1,0,0,0,0,0,0,0,0,0.0,0.0,0.0,0.0
288,2019-02-06 09:27:36,Alphabet Inc $GOOGL Forecasted to Earn Q1 2019 Earnings of $9.32 Per Share  http://americanbankingnews.com/?p=9435796¬† #stocks,0.0,0,0,1,0,0,0,0,0,0,0,0,0,0,0,1,0,0,0,0,0,0,0,0,0.0,0.0,0.0,0.0
289,2019-02-06 09:27:26,Q1 2019 EPS Estimates for Alphabet Inc $GOOGL Reduced by Oppenheimer  http://americanbankingnews.com/?p=9435808¬† #stocks,0.0,0,0,1,0,0,0,0,0,0,0,0,0,0,0,1,0,0,0,0,0,0,0,0,0.0,0.0,0.0,0.0
290,2019-02-06 09:27:24,"Alphabet Inc $GOOGL to Post Q1 2019 Earnings of $10.61 Per Share, SunTrust Banks Forecasts  http://americanbankingnews.com/?p=9435810¬† #stocks",0.0,0,0,1,0,0,0,0,0,0,0,0,0,0,0,1,0,0,0,0,0,0,0,0,0.0,0.0,0.0,0.0
291,2019-02-06 09:27:22,Q1 2019 Earnings Estimate for Alphabet Inc Issued By William Blair $GOOGL  http://americanbankingnews.com/?p=9435812¬† #stocks,0.0,0,0,1,0,0,0,0,0,0,0,0,0,0,0,1,0,0,0,0,0,0,0,0,0.0,0.0,0.0,0.0
292,2019-02-06 09:25:07,"With past performance like this, how can you not sign up for a Free 7-day trial to  http://ow.ly/MpL230nBe8V¬†? Winning Option Swing Trades Since 2006  $AMZN $GOOGL $BABA $MSFT",0.21666666666666667,0,0,1,1,0,0,0,2,0,2,1,3,0,3,2,1,0,0,0,1,0,0,0,0.15000000000000002,0.0,0.0,0.0
293,2019-02-06 09:21:56,Research Analysts Issue Forecasts for Alphabet Inc‚Äôs Q3 2019 Earnings $GOOGL  http://americanbankingnews.com/?p=9435702¬† #stocks,0.0,0,0,1,0,0,0,0,0,0,0,0,0,0,0,1,0,0,0,0,0,0,0,0,0.0,0.0,0.0,0.0
294,2019-02-06 09:21:08,Research Analysts Issue Forecasts for Alphabet Inc‚Äôs Q3 2019 Earnings $GOOGL  http://zpr.io/gZybN¬†,0.0,0,0,1,0,0,0,0,0,0,0,0,0,0,0,2,0,0,0,0,0,0,0,0,0.0,0.0,0.0,0.0
295,2019-02-06 09:20:06,Grom Social Subsidiary Lands Another U.S. Based Media and Entertainment Agreement #content $GRMM #social #socialmedia #stocks #smallcap #pennystock $FB $TWTR $SNAP $GOOGL $TCEHY  https://globenewswire.com/news-release/2019/01/30/1707591/0/en/Grom-Social-Subsidiary-Lands-Another-U-S-Based-Media-and-Entertainment-Agreement.html¬†‚Ä¶ pic.twitter.com/hQsylOzdzO,0.0,0,0,1,0,0,0,0,0,0,0,0,0,0,0,1,0,0,0,0,0,0,0,0,0.0,0.0,0.0,0.0
296,2019-02-06 09:18:43,Piper Jaffray Companies Lowers Alphabet Q3 2019 Earnings Estimates to $13.29 EPS (Previously $13.34).  http://zpr.io/gZyKd¬† $GOOGL #GOOGL,-0.16666666666666666,1,0,1,0,0,0,0,0,1,0,1,1,1,0,0,0,0,0,0,0,1,0,0,0.0,-0.16666666666666666,0.0,0.0
298,2019-02-06 09:14:50,EOP Option Trade of the Day -  https://mailchi.mp/exactoptionpicks/eop-option-trade-of-the-day-uu41gptnhv-676513¬†‚Ä¶ $TWTR $FB $EA $DIS $BA $AMZN $GOOGL $AAPL $BABA $PYPL $SQ $NVDA $AMD $SNAP,0.0,0,0,1,0,0,0,0,0,0,0,0,1,0,0,1,0,0,0,0,0,0,0,0,0.0,0.0,0.0,0.0
299,2019-02-06 09:05:11,There's a reason why you couldn't keep the stock of Alphabet $GOOGL down yesterday. @jimcramer knows this will be the quarter where you had to pay the piper to get sales and the piper happens most often to be Google hence its 21% revenue growth. https://realmoney.thestreet.com/jim-cramer/jim-cramer-if-you-don-t-buy-google-you-are-dying-on-the-vine-14857055¬†‚Ä¶,0.0,0,0,1,0,0,0,0,0,0,0,0,0,0,0,2,0,0,0,0,0,0,0,0,0.0,0.0,0.0,0.0
300,2019-02-06 09:03:57,SunTrust Banks Sets Alphabet Q1 2019 Earnings Estimates at $10.61 EPS.  http://zpr.io/gZyaw¬† $GOOGL #GOOGL,0.0,1,0,1,0,0,0,0,0,0,0,0,2,0,0,0,0,0,0,0,0,0,0,0,0.0,0.0,0.0,0.0
301,2019-02-06 09:03:57,William Blair Raises Alphabet Q1 2019 Earnings Estimates to $10.85 EPS (Previously $10.71).  http://zpr.io/gZyab¬† $GOOGL #GOOGL,-0.16666666666666666,1,0,1,0,0,0,0,0,1,0,1,1,1,0,0,0,0,0,0,0,1,0,0,0.0,-0.16666666666666666,0.0,0.0
302,2019-02-06 09:03:56,KeyCorp Lowers Alphabet Q1 2019 Earnings Estimates to $9.32 EPS (Previously $9.81).  http://zpr.io/gZyau¬† $GOOGL #GOOGL,-0.16666666666666666,1,0,1,0,0,0,0,0,1,0,1,1,1,0,0,0,0,0,0,0,1,0,0,0.0,-0.16666666666666666,0.0,0.0
303,2019-02-06 09:03:53,Oppenheimer Lowers Alphabet Q1 2019 Earnings Estimates to $11.81 EPS (Previously $11.85).  http://zpr.io/gZyah¬† $GOOGL #GOOGL,-0.16666666666666666,1,0,1,0,0,0,0,0,1,0,1,1,1,0,0,0,0,0,0,0,1,0,0,0.0,-0.16666666666666666,0.0,0.0
305,2019-02-06 09:01:10,Don't miss our next FREE OPTION TRADE.  Sign up for our Daily Free Trades at  http://ow.ly/Rs7i30nzZYs¬† $NVDA $TSLA $GS $GILD $BABA $GOOGL $FB,0.2,0,0,1,1,0,0,0,2,0,2,0,1,0,1,0,0,0,0,0,0,0,0,0,0.0,0.0,0.0,0.0
308,2019-02-06 09:00:25,$SPY LEVELS 4 WEEK -   https://bit.ly/2t2iIvT¬† <<< Click for trading levels. Nothing bad will happen.   $SPX $IWM $UVXY $QQQ $TSLA $DIA $GS $NVDA $FB $NFLX $AMZN $GOOGL $BKNG $BIDU $AAPL $AAPL pic.twitter.com/RfsG1D62rV,0.0,0,0,1,0,0,0,0,0,0,0,0,0,0,0,1,0,0,0,0,0,0,0,0,0.0,0.0,0.0,0.0
310,2019-02-06 08:59:08,Alphabet Inc (NASDAQ:GOOGL) Q4 2018 Earnings Conference Call Transcript  https://alphastreet.com/earnings/earnings-call-transcripts/2019/02/04/372087-alphabet-inc-nasdaq-googl-q4-2018-earnings-conference-call¬†‚Ä¶ #alphabet #google #tech #earnings #stocks #stockmarket #nyse #nasdaq,0.0,0,0,1,0,0,0,0,0,0,0,0,0,0,0,1,0,0,0,0,0,0,0,0,0.0,0.0,0.0,0.0
313,2019-02-06 08:52:57,Still getting Bearish Alerts that something is coming to PULLBACK the market! First $GOOGL! Now $NFLX!,0.0,0,0,1,0,0,0,0,0,0,0,0,0,0,0,1,0,0,0,0,0,0,0,0,0.0,0.0,0.0,0.0
314,2019-02-06 08:50:27,AMZN running and will likely lead tech. Googl nflx FB XLNX also on radar today.,0.0,0,0,0,0,0,0,0,0,0,0,0,0,2,1,4,0,0,0,0,0,0,0,0,0.0,0.0,0.0,0.0
315,2019-02-06 08:44:21,$GOOG $GOOGL Alphabet's Verily is building a high-tech rehab campus to combat opioid addiction  http://bit.ly/2DV8uUq¬†,0.0,0,0,1,0,0,0,0,0,0,0,0,0,0,0,1,0,0,0,0,0,0,0,0,0.0,0.0,0.0,0.0
316,2019-02-06 08:41:11,"Pre-Market setup looking for Regular Session consolidation. 10.50 point range $ES showing some steady, but ""Shy"" #PriceAction $VIX $UVXY $TVIX $AAPL $AMZN $GOOGL $SQ $TWTR pic.twitter.com/UYGaGCOi1M",0.0,0,0,1,0,0,0,0,0,0,0,0,0,0,0,1,0,0,0,0,0,0,0,0,0.0,0.0,0.0,0.0
317,2019-02-06 08:38:03,$AMZN $MSFT $GOOG $GOOGL:  Is Google Cloud Falling Further Behind the Competition?:   https://www.StockNewsWires.com/amzn-msft-goog-googl-is-google-cloud-falling-further-behind-the-competition/¬†‚Ä¶,0.0,0,0,1,0,0,0,0,0,0,0,0,0,0,0,2,0,0,0,0,0,0,0,0,0.0,0.0,0.0,0.0
318,2019-02-06 08:30:18,ACTIVE TRADERS Try one of these FREE trading guides:   http://ow.ly/etXf30nzZYq¬† $NFLX $TSLA $AAPL $JPM $GS $FB $AMZN $GOOGL $NVDA,0.13333333333333336,0,0,1,0,0,0,0,1,1,1,1,0,0,1,2,0,0,0,0,0,0,0,1,0.0,0.0,0.0,-0.13333333333333333
319,2019-02-06 08:30:17,$GOOGL - Tech Rally Puts Nasdaq on Cusp of Exiting Bear Market  http://ih.advfn.com/stock-market/NASDAQ/GOOGL/stock-news/Tech-Rally-Puts-Nasdaq-on-Cusp-of-Exiting-Bear-Mar/79199191?adw=1126416¬†‚Ä¶,0.0,0,0,1,0,0,0,0,0,0,0,0,0,0,0,1,0,0,0,0,0,0,0,0,0.0,0.0,0.0,0.0
320,2019-02-06 08:25:26,YouTube in 2019: Looking back and moving forward. $GOOG $GOOGL  https://youtube-creators.googleblog.com/2019/02/youtube-in-2019-looking-back-and-moving.html¬†‚Ä¶,0.0,0,0,1,0,0,0,0,0,0,0,0,0,0,0,1,0,0,0,0,0,0,0,0,0.0,0.0,0.0,0.0
321,2019-02-06 08:18:08,$GOOGL $GOOG:  Google Is Investing Advertising Proceeds at a Record Pace ‚Äî Hooray!:   https://www.StockNewsWires.com/googl-goog-google-is-investing-advertising-proceeds-at-a-record-pace-hooray/¬†‚Ä¶,0.0,0,0,1,0,0,0,0,0,0,0,0,0,0,0,1,0,0,0,0,0,0,0,0,0.0,0.0,0.0,0.0
322,2019-02-06 08:15:36,"RT SJosephBurns ""Revenue Growth, year-over-year (%)...  $FB: +30.4% $NFLX: +27.4% $GOOGL: +21.5% $AMZN: +19.8% $MSFT: +12.3% $AAPL: -4.5%  via charliebilello  pic.twitter.com/2BaLWSPcm1""",0.0,0,0,1,0,0,0,0,0,0,0,0,0,0,0,1,0,0,0,0,0,0,0,0,0.0,0.0,0.0,0.0
323,2019-02-06 08:15:24,"Revenue Growth, year-over-year (%)...  $FB: +30.4% $NFLX: +27.4% $GOOGL: +21.5% $AMZN: +19.8% $MSFT: +12.3% $AAPL: -4.5%  via @charliebilello pic.twitter.com/5pImvLWqc2",0.0,0,0,1,0,0,0,0,0,0,0,0,0,0,0,1,0,0,0,0,0,0,0,0,0.0,0.0,0.0,0.0
324,2019-02-06 08:01:11,251 Profit-Packed Option Trades Yearly--Delivered to Your Inbox Daily--FREE!  http://ow.ly/T0l530nzZYp¬† $AMZN $GOOGL $NFLX $FB $AAPL,0.0,0,0,1,0,0,0,0,1,0,1,0,3,0,0,0,1,0,0,0,0,0,0,0,0.4,0.0,0.0,0.0
325,2019-02-06 07:59:16,Alphabet $GOOGL Given ‚ÄúOutperform‚Äù Rating at William Blair   http://baseballnewssource.com/?p=3194219¬†,0.0,0,0,1,0,0,0,0,0,0,0,0,0,0,0,1,0,0,0,0,0,0,0,0,0.0,0.0,0.0,0.0
326,2019-02-06 07:57:38,"Live pivot feed starting shortly. If you can‚Äôt make it to the live webinar, this is the next best thing. Click below and get started  http://aatrader.co/dans-ps60-feed¬† $tsla $googl $nflx $nvda $amzn $sq $roku pic.twitter.com/DudTZJ473Q",0.0,0,0,1,0,0,0,0,0,0,0,0,0,0,0,1,0,0,0,0,0,0,0,0,0.0,0.0,0.0,0.0
327,2019-02-06 07:55:23,.  http://19.02.06.Wed¬† . CRAZY‚òÖDOG TRIMMING„Åß„Åô„ÄÇ . „Éñ„É≠„Ç∞Êõ¥Êñ∞„Åó„Åæ„Åó„Åü(*ÔæüvÔæü*) ËâØ„Åã„Å£„Åü„ÇâË¶ã„Å´Êù•„Å¶„Åè„Å†„Åï„ÅÑ„ÄÇ Âä±„Åø„Å´„Å™„Çä„Åæ„Åô(‚âß–∑‚â¶)ÔºÅ  http://crazydog.ti-da.net¬† Ôºé ‚òÖaddress „Äí902-0067 Ê≤ñÁ∏ÑÁúåÈÇ£Ë¶áÂ∏ÇÂÆâÈáå1-5-5-1F Ôºé ‚òÖGoogl‚Ä¶  https://www.instagram.com/p/BtioTMGl32J/?utm_source=ig_twitter_share&igshid=14d2m25z2inoj¬†‚Ä¶,0.0,0,0,1,0,0,0,0,0,0,0,0,0,0,0,1,0,0,0,0,0,0,0,0,0.0,0.0,0.0,0.0
328,2019-02-06 07:53:30,Let the whole world know what a GEM QNX is and that BlackBerry is still Research in Motion...... $BB @BlackBerry @WSJ @business @Reuters @BGR $AAPL @Enderle $MSFT $GOOGL $AMZN $IBM $ORCL $CRM $TSLA $SNAP $FB @JohnChen @Alex_Thurber,0.2,0,8,0,1,0,0,0,0,0,1,0,1,1,1,2,1,0,0,0,0,0,0,0,0.2,0.0,0.0,0.0
330,2019-02-06 07:35:41,Perfect mobile massager now on Google Play !! Super hard vibration !!  https://play.googl #„Éê„Ç§„Éñ #„Éê„Ç§„Éñ„É¨„Éº„Çø„Éº #„Éû„ÉÉ„Çµ„Éº„Ç∏,0.29253472222222215,0,0,1,1,0,0,0,2,0,2,1,3,1,0,4,0,0,0,0,1,0,0,0,-0.2916666666666667,0.0,0.0,0.0
331,2019-02-06 07:30:19,ACTIVE TRADERS Try one of these FREE trading guides:   http://ow.ly/9oTv30nzZZ9¬† $NFLX $TSLA $AAPL $GILD $GS $FB $AMZN $GOOGL $NVDA,0.13333333333333336,0,0,1,0,0,0,0,1,1,1,1,0,0,1,2,0,0,0,0,0,0,0,1,0.0,0.0,0.0,-0.13333333333333333
332,2019-02-06 07:30:02,"$GOOGL #Alphabet Class A ... Wedbush Morning Call - February 6, 2019: | http://dlvr.it/QyJJ72¬†",0.0,1,0,1,0,0,0,0,0,0,0,0,0,0,0,2,0,0,0,0,0,0,0,0,0.0,0.0,0.0,0.0
334,2019-02-06 07:13:39,#Olpc Web Browser Technology Computer Googl # #laptop pic.twitter.com/wISoNsCNRa,0.0,1,0,1,0,0,0,0,0,0,0,0,0,0,0,1,0,0,0,0,0,0,0,0,0.0,0.0,0.0,0.0
336,2019-02-06 07:09:26,"On Trend on Youtube. Topics for Tuesday, 5-Feb: The turn of the month strategy, two parts to an uptrend ($NVDA, $CIEN), four teetering tech titans ($MSFT, $INTC, $GOOGL, $AMZN), 6 healthcare leaders and a few setups. https://youtu.be/4X45UxqXWA4¬†",-0.2,0,0,1,0,0,0,0,0,0,0,1,2,0,0,7,0,0,0,0,1,0,0,0,-0.2,0.0,0.0,0.0
337,2019-02-06 07:07:33,Cambridge Investment Research Advisors Inc. Has $39.13 Million Stake in Alphabet Inc (GOOGL) (John Perry/Zolmax)  http://dlvr.it/QyJD24¬†,0.0,0,0,1,0,0,0,0,0,0,0,0,0,0,0,1,0,0,0,0,0,0,0,0,0.0,0.0,0.0,0.0
339,2019-02-06 06:55:30,$GOOGL open interest for maturity 03/22/2019. High put=1000.00 High call=1120.00 #maxpain #options  http://maximum-pain.com/options/open-interest/GOOGL¬†‚Ä¶ pic.twitter.com/7kGA3JcIYB,0.0,0,0,1,0,0,0,0,0,0,0,0,0,0,0,1,0,0,0,0,0,0,0,0,0.0,0.0,0.0,0.0
340,2019-02-06 06:54:40,Analysts See $11.06 EPS for Alphabet Inc. $GOOGL  https://whatsonthorold.com/2019/02/06/analysts-see-11-06-eps-for-alphabet-inc-googl/¬†‚Ä¶,0.0,0,0,1,0,0,0,0,0,0,0,0,0,0,0,1,0,0,0,0,0,0,0,0,0.0,0.0,0.0,0.0
341,2019-02-06 06:54:20,EPS for Alphabet Inc. $GOOGL Expected At $11.06  https://reurope.com/2019/02/06/eps-for-alphabet-inc-googl-expected-at-11-06/¬†‚Ä¶,0.0,0,0,1,0,0,0,0,0,0,0,0,0,0,0,1,0,0,0,0,0,0,0,0,0.0,0.0,0.0,0.0
342,2019-02-06 06:51:37,$GOOGL #Alphabet Class A ... Takeaways From Real Estate Agent Conference: | http://dlvr.it/QyJ9DQ¬†,0.2,1,0,1,0,0,0,0,1,0,1,0,1,0,0,2,1,0,0,0,0,0,0,0,0.2,0.0,0.0,0.0
343,2019-02-06 06:31:46,RT @AlexBeckWriter: #Google's new Conversion Probability metric  https://www.smartinsights.com/google-analytics/google-analytics-segmentation/googles-conversion-probablility¬†‚Ä¶ #Marketing #MachineLearning #ML #ArtificialIntelligence #AI #DigitalMarketing #OnlineMarketing #SEO #FacebookMarketing #ContentWriting #ContentMarketing #MarketingStrategy #GoogleAds #Googl‚Ä¶,0.0,0,0,1,0,0,0,0,0,0,0,0,0,0,0,1,0,0,0,0,0,0,0,0,0.0,0.0,0.0,0.0
344,2019-02-06 06:23:56,"A Geezer$ Alert :  GOOGL: Alphabet, Inc. Cl A SEC Filing - Amended Annual Report (10-K/A‚Ä¶  https://goo.gl/fb/95NgM6¬†",-0.1,0,0,1,0,0,0,0,0,1,0,1,2,0,0,2,0,0,0,0,0,0,0,0,0.0,0.0,0.0,0.0
345,2019-02-06 06:23:44,"The Street‚Äôs Key #Stock #Analysts Research Reports: $#GOOGL, $#APO, $#WTR, $#BKNG, $#BOX, $‚Ä¶ https://goo.gl/fb/BR6C7n¬†",0.0,7,0,1,0,0,0,0,0,0,0,0,0,0,0,1,0,0,0,0,0,0,0,0,0.0,0.0,0.0,0.0
346,2019-02-06 06:13:09,$GOOGL - Amended Annual Report (10-k/a)  http://ih.advfn.com/stock-market/NASDAQ/GOOGL/stock-news/Amended-Annual-Report-10-k-a/79197658?adw=1126416¬†‚Ä¶,0.0,0,0,1,0,0,0,0,0,0,0,0,0,0,0,0,0,0,0,0,0,0,0,0,0.0,0.0,0.0,0.0
347,2019-02-06 06:12:55,Early days yet for the share price,0.1,0,0,0,0,0,0,0,1,0,1,0,1,1,0,2,1,0,0,0,0,0,0,0,0.1,0.0,0.0,0.0
348,2019-02-06 06:07:02,$GOOG $GOOGL - Alphabet Q4 Earnings: Strong Results  https://seekingalpha.com/article/4238159-alphabet-q4-earnings-strong-results?source=tweet¬†‚Ä¶  https://seekingalpha.com/article/4238159-alphabet-q4-earnings-strong-results¬†‚Ä¶,0.0,0,0,1,0,0,0,0,0,0,0,0,0,0,0,1,0,0,0,0,0,0,0,0,0.0,0.0,0.0,0.0
349,2019-02-06 06:06:02,$GOOGL 2-1-2  weekly reversal up it goes!,0.0,0,0,0,0,0,0,0,0,0,0,0,1,0,0,2,0,0,0,0,0,0,0,0,0.0,0.0,0.0,0.0
350,2019-02-06 05:59:24,"The Top 10 Trends in Digital Media 2019 (AMZN, GOOGL, FB)  https://read.bi/2LXS9At¬†",0.25,0,0,1,0,0,0,0,1,0,1,0,1,0,0,1,1,0,0,0,0,0,0,0,0.5,0.0,0.0,0.0
352,2019-02-06 05:42:39,"$FB, $GOOGL & other tech giants represent the greatest threat to the global order in my lifetime. The government should break up the $FB data monopoly by force & heavily regulate its appalling business practices. ‚Äî Roger McNamee https://www.nytimes.com/2019/02/01/books/review/podcast-roger-mcnamee-zucked-facebook-catastrophe.html¬†‚Ä¶",0.0,0,0,1,0,0,0,0,0,0,0,0,0,0,0,0,0,0,0,0,0,0,0,0,0.0,0.0,0.0,0.0
353,2019-02-06 05:40:01,"The Top 10 Trends in Digital Media 2019 (AMZN, GOOGL, FB)  https://buff.ly/2D2Gvlf¬† | @businessinsider",0.25,0,1,1,0,0,0,0,1,0,1,0,2,0,0,1,1,0,0,0,0,0,0,0,0.5,0.0,0.0,0.0
354,2019-02-06 05:38:26,"""... a new era of #corporate #monopolies threatened not only #Americanworkers, but also #democracy itself."" #googl #Gafam https://getpocket.com/@kolelabouenikalamio/share/4019536¬†‚Ä¶",0.0,0,0,1,0,0,0,0,0,0,0,0,0,0,0,1,0,0,0,0,0,0,0,0,0.0,0.0,0.0,0.0
355,2019-02-06 05:21:24,Gabelli Funds LLC Sells 200 Shares of Alphabet Inc (GOOGL)   https://www.thestockobserver.com/2019/02/06/gabelli-funds-llc-sells-200-shares-of-alphabet-inc-googl.html¬†‚Ä¶,0.0,0,0,1,0,0,0,0,0,0,0,0,0,0,0,1,0,0,0,0,0,0,0,0,0.0,0.0,0.0,0.0
358,2019-02-06 04:54:36,RT : (@jimcramer)Sometimes you need to ignore the stock's initial move to make bigger money.. The first tell for $GOOGL was just wrong. And Ruth Porat is THE best  https://twitter.com/jimcramer/status/1092885795889926146¬†‚Ä¶ #Sheffieldissuper #doncasterisgreat #tweetmaster #AtSocialMedia #jimcramer #madmoney #Stock‚Ä¶,0.0,0,0,1,0,0,0,0,0,0,0,0,0,0,0,1,0,0,0,0,0,0,0,0,0.0,0.0,0.0,0.0
359,2019-02-06 04:54:34,RT : (@jimcramer)Google $GOOGL: 5 key takeaways from @EricJhonsa  http://bit.ly/2ScLEQW¬†  https://twitter.com/jimcramer/status/1092812848269533184¬†‚Ä¶ #Sheffieldissuper #doncasterisgreat #tweetmaster #AtSocialMedia #jimcramer #madmoney #Stocks #TheStreet #realmoney #realmoneysod #Eagles #dolphins #skidaddy #inves‚Ä¶,0.0,0,0,1,0,0,0,0,0,0,0,0,0,0,0,1,0,0,0,0,0,0,0,0,0.0,0.0,0.0,0.0
360,2019-02-06 04:54:33,"RT : (@jimcramer)RT @TheStreet: .@JimCramer and @KatherineRooss are LIVE at 10 ET talking $GOOGL, $BP and more   https://buff.ly/2DWb4cV¬†  https://twitter.com/jimcramer/status/1092800994004688899¬†‚Ä¶ #Sheffieldissuper #doncasterisgreat #tweetmaster #AtSocialMedia #jimcramer #madmoney #Stocks #TheStreet #realmoney #r‚Ä¶",0.0,0,0,1,0,0,0,0,0,0,0,0,0,0,0,1,0,0,0,0,0,0,0,0,0.0,0.0,0.0,0.0
361,2019-02-06 04:44:47,RT:( @JimCramer): Sometimes you need to ignore the stock's initial move to make bigger money.. The first tell for $GOOGL was just wrong. And Ruth Porat is THE best #bloomberg #wsj #article  https://twitter.com/jimcramer/status/1092885795889926146¬†‚Ä¶ #technology #doncasterisgreat,0.0,0,0,1,0,0,0,0,0,0,0,0,0,0,0,1,0,0,0,0,0,0,0,0,0.0,0.0,0.0,0.0
362,2019-02-06 04:44:44,RT:( @JimCramer): Google $GOOGL: 5 key takeaways from @EricJhonsa  http://bit.ly/2ScLEQW¬† #bloomberg #wsj #article  https://twitter.com/jimcramer/status/1092812848269533184¬†‚Ä¶ #technology #doncasterisgreat,0.0,0,0,1,0,0,0,0,0,0,0,0,0,0,0,1,0,0,0,0,0,0,0,0,0.0,0.0,0.0,0.0
363,2019-02-06 04:44:44,"RT:( @JimCramer): RT @TheStreet: .@JimCramer and @KatherineRooss are LIVE at 10 ET talking $GOOGL, $BP and more   https://buff.ly/2DWb4cV¬† #bloomberg #wsj #article  https://twitter.com/jimcramer/status/1092800994004688899¬†‚Ä¶ #technology #doncasterisgreat",0.0,0,0,1,0,0,0,0,0,0,0,0,0,0,0,1,0,0,0,0,0,0,0,0,0.0,0.0,0.0,0.0
365,2019-02-06 04:30:34,Watch what happened at 6:10 in @NaviAvatar1's broadcast: Dow up 172 $TSLA$AMZN $GOOGL $FB $NFLX $TWTR $SQ $BABA  https://www.pscp.tv/w/byqfBjF4ZUVXeEphTXpBUVB8MWRSS1pPZWVSZFhHQjDSTqnqaaNL54lfjaIJjfWWVW13Z0QWVK-QykdugbyA?t=6m10s¬†‚Ä¶,0.0,0,1,1,0,0,0,0,0,0,0,0,0,1,1,3,0,0,0,0,0,0,0,0,0.0,0.0,0.0,0.0
366,2019-02-06 04:29:41,fuck of googl. how do I delet,-0.4,0,0,0,0,0,0,0,0,0,0,1,0,0,1,2,0,0,0,0,0,0,0,1,0.0,0.0,0.0,-0.4
367,2019-02-06 04:29:25,ok googl search mr mucfilips porn film,0.5,0,0,0,0,0,0,0,0,0,1,0,1,0,0,4,1,0,0,0,0,0,0,0,0.5,0.0,0.0,0.0
369,2019-02-06 04:00:03,"Are you up to date on all the US Market news? If not check out our end of day US Stock Market update from last night. We covered important market trends in the US, popular stocks trending and much more!  https://buff.ly/2RJaIdj¬† #usstocks #StocksInNews #investment $GOOGL $ALL $DIS",0.40625,3,0,1,1,0,0,0,0,0,4,0,4,1,1,8,2,1,0,0,0,0,0,0,1.0,0.2,0.0,0.0
370,2019-02-06 03:48:11,RT  https://twitter.com/SEOTechAndHacks/status/1093048374792724480¬†‚Ä¶ RT @sotollano: 7 Fun and easy Googl  http://bit.ly/2SqZIFv¬† 7 Fun and easy Google Hacks to try in 2017 #digitalmarketing #seotools #seotips #learnseo #diyseo #s‚Ä¶ pic.twitter.com/DK8eISi0gi,0.0,0,0,1,0,0,0,0,0,0,0,0,0,0,0,1,0,0,0,0,0,0,0,0,0.0,0.0,0.0,0.0
372,2019-02-06 03:37:22,"I sent a friend/teacher a email! Email is about Alphabet Inc.(""Google"") - Class A stock is dropping! Body says Alphabet Inc.(""Google"") - Class A (GOOGL) price at close, 2019-02-05, is 1145.4. from  https://finance.yahoo.com/q?s=GOOGL¬† via IFTTT",0.0,0,0,1,0,0,0,0,0,0,0,0,0,0,0,1,0,0,0,0,0,0,0,0,0.0,0.0,0.0,0.0
374,2019-02-06 03:33:43,It‚Äôs amazing how the first few years revenue figures are pretty much irrelevant to these monsters that have vision behind them...,1.850371707708594e-17,0,0,0,0,0,0,0,0,0,4,3,4,1,0,3,2,1,0,0,1,0,0,1,0.25,0.25,0.0,-0.5
376,2019-02-06 03:26:59,"$GOOGL, $FB y $AMZN superan ya los 200.000M$ en ingresos por #publicidad. Se llevan el 70% de la tarta global de #inversi√≥n publicitaria digital:  https://dircomfidencial.com/marketing-digital/las-grandes-tecnologicas-ya-superan-los-200-000m-en-ingresos-publicitarios-20190206-0405/¬†‚Ä¶ pic.twitter.com/gxVt6TidSU",0.0,0,0,1,0,0,0,0,0,0,0,0,0,0,0,1,0,0,0,0,0,0,0,0,0.0,0.0,0.0,0.0
378,2019-02-06 03:23:55,"Alphabet tops revenue targets (GOOG, GOOGL)  https://buff.ly/2RCGjxa¬†",0.0,0,0,1,0,0,0,0,0,0,0,0,0,0,0,2,0,0,0,0,0,0,0,0,0.0,0.0,0.0,0.0
379,2019-02-06 03:21:57,#EVRH @melodyvirtual @GOOGL  Very interesting to see the growth curve of these early plays when the business really starts to kick into gear.   #VR isn‚Äôt going anywhere and our partners @facebook @oculus are on a mission to get a billion people into it over the next few years ü§´ https://twitter.com/larrykim/status/1092731796909740033¬†‚Ä¶,0.0,1,0,1,0,0,0,0,0,0,0,0,0,0,0,2,0,0,0,0,0,0,0,0,0.0,0.0,0.0,0.0
382,2019-02-06 03:10:18,EXTEND YOUR KNOWLEDGE: How to bring your site on the first  page of Googl...  https://www.lackhub.com/2019/01/how-to-bring-your-site-on-first-page-of.html?spref=tw¬†‚Ä¶,0.0,0,0,1,0,0,0,0,0,0,0,0,0,0,0,1,0,0,0,0,0,0,0,0,0.0,0.0,0.0,0.0
383,2019-02-06 03:08:50,The case for Alphabet - #GOOGL chart  http://www.tradingview.com/chart/GOOGL/F38kPhdY-The-case-for-Alphabet/¬†‚Ä¶,0.0,0,0,1,0,0,0,0,0,0,0,0,0,0,0,1,0,0,0,0,0,0,0,0,0.0,0.0,0.0,0.0
384,2019-02-06 03:08:07,#NavyCapital #barronsonline: RT firstadopter: $GOOGL solidly in the green now today  https://twitter.com/firstadopter/status/1092823457916686337¬†‚Ä¶,0.0,0,0,1,0,0,0,0,0,0,0,0,0,0,0,1,0,0,0,0,0,0,0,0,0.0,0.0,0.0,0.0
385,2019-02-06 03:04:54,$AAPL $GOOG $GOOGL Cramer: Why companies like Alphabet get 'little to no credit' for their massive cash piles  http://bit.ly/2DWIXtW¬†,0.0,0,0,1,0,0,0,0,0,0,0,0,0,0,0,1,0,0,0,0,0,0,0,0,0.0,0.0,0.0,0.0
386,2019-02-06 03:02:35,"YouTube CEO Susan Wojcicki admits even her kids said the 'Rewind 2018' video was 'cringey' (GOOG, GOOGL)  pic.twitter.com/4eVHwIgbtj",0.0,0,0,1,0,0,0,0,0,0,0,0,0,0,0,1,0,0,0,0,0,0,0,0,0.0,0.0,0.0,0.0
387,2019-02-06 02:54:35,5 Top Stock Trades for Wednesday: $GOOG $GOOGL $GILD $EL $BA $SBUX http://bit.ly/2MRcTKR¬†,0.5,0,0,1,0,0,0,0,1,0,1,0,1,0,0,0,1,0,0,0,0,0,0,0,0.5,0.0,0.0,0.0
389,2019-02-06 02:50:13,Why companies get 'little to no credit' for their massive cash piles  https://cnb.cx/2MS5F9l¬† $GOOG $GOOGL $AMZN $AAPL @jimcramer @cnbc,0.0,0,0,1,0,0,0,0,0,0,0,0,0,0,0,1,0,0,0,0,0,0,0,0,0.0,0.0,0.0,0.0
394,2019-02-06 02:20:45,Investors Sell Shares of Alphabet $GOOGL on Strength on Analyst Downgrade  http://zpr.io/gZNvd¬†,0.0,0,0,1,0,0,0,0,0,0,0,0,0,0,0,0,0,0,0,0,0,0,0,0,0.0,0.0,0.0,0.0
396,2019-02-06 02:19:34,#FAANG Stocks Overview:  https://techniquant.com/reports/market-reports/faang/2019-02-05/¬†‚Ä¶ $AAPL 174.18 (+1.71%) $AMZN 1658.81 (+1.56%) $NFLX 355.81 (+1.27%) $FB 171.16 (+1.13%) $GOOGL 1151.87 (+0.92%) #FAANGS,0.0,1,0,1,0,0,0,0,0,0,0,0,0,0,0,1,0,0,0,0,0,0,0,0,0.0,0.0,0.0,0.0
397,2019-02-06 02:09:17,"The Top 10 Trends in Digital Media 2019 (AMZN, GOOGL, FB)  https://read.bi/2CGtUmc¬†",0.25,0,0,1,0,0,0,0,1,0,1,0,1,0,0,1,1,0,0,0,0,0,0,0,0.5,0.0,0.0,0.0
398,2019-02-06 02:03:15,"Hi Yuri, how do you determine the $1175 line of resistance for GOOGL?",0.0,0,0,0,0,0,0,0,0,0,0,0,0,0,1,2,0,0,0,0,0,0,0,0,0.0,0.0,0.0,0.0
400,2019-02-06 01:39:38,$GOOGL closes at highs post earnings.  https://twitter.com/TLMoneyFlow/status/1092488471497900032¬†‚Ä¶,0.0,0,0,1,0,0,0,0,0,0,0,0,0,0,0,2,0,0,0,0,0,0,0,0,0.0,0.0,0.0,0.0
401,2019-02-06 01:38:50,Alphabet Inc. (GOOG) (GOOGL) Q4 2018 Earnings Conference Call Transcript --  The Motley Fool  https://www.fool.com/earnings/call-transcripts/2019/02/04/alphabet-inc-goog-googl-q4-2018-earnings-conferenc.aspx¬†‚Ä¶,0.0,0,0,1,0,0,0,0,0,0,0,0,0,0,0,1,0,0,0,0,0,0,0,0,0.0,0.0,0.0,0.0
403,2019-02-06 01:23:11,$GOOGL - Will Google see $1200 in the next few weeks?  pic.twitter.com/0Fmquclc7G,0.0,0,0,1,0,0,0,0,0,0,0,0,0,0,0,1,0,0,0,0,0,0,0,0,0.0,0.0,0.0,0.0
406,2019-02-06 00:53:53,"$GOOGL is the biggest gorilla in the room when it comes to digital advertising. $FB & the other digital advertising platforms are NOT as effective as $GOOGL. You can spam people‚Äôs newsfeeds on $FB or get people to search for you on $GOOGL. ‚Äî Mark Tepper, Fast Money #TradersEdge",0.0,0,0,1,0,0,0,0,0,0,0,0,0,0,0,1,0,0,0,0,0,0,0,0,0.0,0.0,0.0,0.0
409,2019-02-06 00:48:13,Looks like $GOOGL short-term target is 1175:  pic.twitter.com/9TKLHbfYsg,0.0,0,0,1,0,0,0,0,0,0,0,0,0,0,0,1,0,0,0,0,0,0,0,0,0.0,0.0,0.0,0.0
410,2019-02-06 00:41:47,Thoughts on Googl?,0.0,0,0,0,0,0,0,0,0,0,0,0,0,0,0,0,0,0,0,0,0,0,0,0,0.0,0.0,0.0,0.0
411,2019-02-06 00:39:36,Why Alphabet Inc Class A (NASDAQ: GOOGL) stock is declining ‚Äì  http://FXDailyReport.com¬† ‚Äì Brazilian¬†Real  https://bankinformer.com/914700/why-alphabet-inc-class-a-nasdaq-googl-stock-is-declining-fxdailyreport-com-brazilian-real/¬†‚Ä¶,0.0,0,0,1,0,0,0,0,0,0,0,0,0,0,0,1,0,0,0,0,0,0,0,0,0.0,0.0,0.0,0.0
412,2019-02-06 00:33:45,GOOGL Earnings Call Transcript 05/02/19  https://alphastreet.com/earnings/earnings-call-transcripts/2019/02/04/372087-alphabet-inc-nasdaq-googl-q4-2018-earnings-conference-call¬†‚Ä¶ via @_AlphaStreet,0.0,0,0,1,0,0,0,0,0,0,0,0,0,0,0,1,0,0,0,0,0,0,0,0,0.0,0.0,0.0,0.0
414,2019-02-06 00:27:16,"Judging by $GOOGL YouTube, it was the worst half-time show ever. Probably need some more ""accidental"" exposure next time. Purposeful exposure is so lame.",-0.25,0,0,0,0,0,0,0,0,0,1,3,5,3,1,4,0,0,0,0,1,0,0,0,-0.5,0.0,0.0,0.0
415,2019-02-06 00:08:53,"Sell covered calls on $GOOG or $GOOGL, way out of the money (higher than current prices).  You can earn a few percentage points a year and still have plenty of upside (20% or more, depending on when you sell them).",0.1375,0,0,0,0,0,0,0,0,0,2,1,2,1,2,7,0,0,0,0,1,0,0,0,-0.2,0.0,0.0,0.0
416,2019-02-06 00:00:33,200dma on spx resistance  h&s on googl VIX in the 15s 87% of s&p above 50dma  A lot of signs are saying market reversing soon. That said trend is your friend until it‚Äôs not.,0.0,0,0,0,1,0,0,0,0,0,0,0,1,1,0,12,0,0,0,0,0,0,0,0,0.0,0.0,0.0,0.0
